index,unit1_rgb,unit1_beam_32,unit1_beam_64
1299,../../..//Data/Scenario5/development_dataset/unit1/camera_data/image_BS1_641_03_21_20.jpg,18,34
655,../../..//Data/Scenario5/development_dataset/unit1/camera_data/image_BS1_642_03_21_20.jpg,19,37
573,../../..//Data/Scenario5/development_dataset/unit1/camera_data/image_BS1_9502_03_40_18.jpg,14,27
1133,../../..//Data/Scenario5/development_dataset/unit1/camera_data/image_BS1_2823_03_25_59.jpg,25,49
629,../../..//Data/Scenario5/development_dataset/unit1/camera_data/image_BS1_9302_03_39_52.jpg,7,13
1134,../../..//Data/Scenario5/development_dataset/unit1/camera_data/image_BS1_1310_03_22_46.jpg,26,52
410,../../..//Data/Scenario5/development_dataset/unit1/camera_data/image_BS1_640_03_21_20.jpg,18,34
1142,../../..//Data/Scenario5/development_dataset/unit1/camera_data/image_BS1_6277_03_33_21.jpg,7,14
809,../../..//Data/Scenario5/development_dataset/unit1/camera_data/image_BS1_4068_03_28_38.jpg,30,60
76,../../..//Data/Scenario5/development_dataset/unit1/camera_data/image_BS1_4335_03_29_12.jpg,12,22
1049,../../..//Data/Scenario5/development_dataset/unit1/camera_data/image_BS1_4126_03_28_45.jpg,6,11
1148,../../..//Data/Scenario5/development_dataset/unit1/camera_data/image_BS1_3676_03_27_48.jpg,2,2
941,../../..//Data/Scenario5/development_dataset/unit1/camera_data/image_BS1_4091_03_28_41.jpg,23,44
1153,../../..//Data/Scenario5/development_dataset/unit1/camera_data/image_BS1_687_03_21_26.jpg,31,61
828,../../..//Data/Scenario5/development_dataset/unit1/camera_data/image_BS1_5947_03_32_39.jpg,26,51
1234,../../..//Data/Scenario5/development_dataset/unit1/camera_data/image_BS1_5914_03_32_35.jpg,11,21
61,../../..//Data/Scenario5/development_dataset/unit1/camera_data/image_BS1_6219_03_33_14.jpg,30,60
495,../../..//Data/Scenario5/development_dataset/unit1/camera_data/image_BS1_6513_03_33_51.jpg,17,33
108,../../..//Data/Scenario5/development_dataset/unit1/camera_data/image_BS1_5356_03_31_23.jpg,12,22
1067,../../..//Data/Scenario5/development_dataset/unit1/camera_data/image_BS1_1038_03_22_11.jpg,13,26
773,../../..//Data/Scenario5/development_dataset/unit1/camera_data/image_BS1_2849_03_26_02.jpg,15,29
1287,../../..//Data/Scenario5/development_dataset/unit1/camera_data/image_BS1_8097_03_37_15.jpg,15,29
1196,../../..//Data/Scenario5/development_dataset/unit1/camera_data/image_BS1_4102_03_28_42.jpg,18,34
159,../../..//Data/Scenario5/development_dataset/unit1/camera_data/image_BS1_5369_03_31_25.jpg,19,37
1009,../../..//Data/Scenario5/development_dataset/unit1/camera_data/image_BS1_6804_03_34_29.jpg,29,57
1244,../../..//Data/Scenario5/development_dataset/unit1/camera_data/image_BS1_1278_03_22_42.jpg,11,20
1539,../../..//Data/Scenario5/development_dataset/unit1/camera_data/image_BS1_8582_03_38_18.jpg,4,7
995,../../..//Data/Scenario5/development_dataset/unit1/camera_data/image_BS1_682_03_21_25.jpg,30,59
1526,../../..//Data/Scenario5/development_dataset/unit1/camera_data/image_BS1_6810_03_34_29.jpg,26,51
661,../../..//Data/Scenario5/development_dataset/unit1/camera_data/image_BS1_6841_03_34_33.jpg,11,21
1402,../../..//Data/Scenario5/development_dataset/unit1/camera_data/image_BS1_9912_03_41_11.jpg,7,13
1039,../../..//Data/Scenario5/development_dataset/unit1/camera_data/image_BS1_5892_03_32_32.jpg,3,4
9,../../..//Data/Scenario5/development_dataset/unit1/camera_data/image_BS1_9511_03_40_19.jpg,18,34
1268,../../..//Data/Scenario5/development_dataset/unit1/camera_data/image_BS1_2865_03_26_04.jpg,12,22
1523,../../..//Data/Scenario5/development_dataset/unit1/camera_data/image_BS1_5355_03_31_23.jpg,11,21
1280,../../..//Data/Scenario5/development_dataset/unit1/camera_data/image_BS1_2041_03_24_19.jpg,23,45
803,../../..//Data/Scenario5/development_dataset/unit1/camera_data/image_BS1_3672_03_27_47.jpg,2,3
1087,../../..//Data/Scenario5/development_dataset/unit1/camera_data/image_BS1_2589_03_25_29.jpg,20,38
1470,../../..//Data/Scenario5/development_dataset/unit1/camera_data/image_BS1_1316_03_22_47.jpg,29,57
635,../../..//Data/Scenario5/development_dataset/unit1/camera_data/image_BS1_8047_03_37_08.jpg,30,59
1010,../../..//Data/Scenario5/development_dataset/unit1/camera_data/image_BS1_6534_03_33_54.jpg,24,47
224,../../..//Data/Scenario5/development_dataset/unit1/camera_data/image_BS1_4362_03_29_16.jpg,25,48
1241,../../..//Data/Scenario5/development_dataset/unit1/camera_data/image_BS1_4084_03_28_40.jpg,26,52
1298,../../..//Data/Scenario5/development_dataset/unit1/camera_data/image_BS1_1016_03_22_08.jpg,21,42
1025,../../..//Data/Scenario5/development_dataset/unit1/camera_data/image_BS1_6523_03_33_53.jpg,20,39
195,../../..//Data/Scenario5/development_dataset/unit1/camera_data/image_BS1_4124_03_28_45.jpg,6,10
675,../../..//Data/Scenario5/development_dataset/unit1/camera_data/image_BS1_8077_03_37_12.jpg,23,45
1071,../../..//Data/Scenario5/development_dataset/unit1/camera_data/image_BS1_2570_03_25_27.jpg,15,29
917,../../..//Data/Scenario5/development_dataset/unit1/camera_data/image_BS1_5347_03_31_22.jpg,7,14
925,../../..//Data/Scenario5/development_dataset/unit1/camera_data/image_BS1_2548_03_25_24.jpg,11,20
1382,../../..//Data/Scenario5/development_dataset/unit1/camera_data/image_BS1_8111_03_37_16.jpg,9,16
786,../../..//Data/Scenario5/development_dataset/unit1/camera_data/image_BS1_8103_03_37_15.jpg,12,22
875,../../..//Data/Scenario5/development_dataset/unit1/camera_data/image_BS1_6812_03_34_30.jpg,26,54
1052,../../..//Data/Scenario5/development_dataset/unit1/camera_data/image_BS1_7832_03_36_41.jpg,12,23
513,../../..//Data/Scenario5/development_dataset/unit1/camera_data/image_BS1_5361_03_31_24.jpg,14,27
427,../../..//Data/Scenario5/development_dataset/unit1/camera_data/image_BS1_8063_03_37_10.jpg,26,52
827,../../..//Data/Scenario5/development_dataset/unit1/camera_data/image_BS1_6526_03_33_53.jpg,21,42
259,../../..//Data/Scenario5/development_dataset/unit1/camera_data/image_BS1_9276_03_39_48.jpg,22,44
202,../../..//Data/Scenario5/development_dataset/unit1/camera_data/image_BS1_5354_03_31_23.jpg,11,20
1506,../../..//Data/Scenario5/development_dataset/unit1/camera_data/image_BS1_584_03_21_12.jpg,5,8
331,../../..//Data/Scenario5/development_dataset/unit1/camera_data/image_BS1_2628_03_25_34.jpg,31,62
1037,../../..//Data/Scenario5/development_dataset/unit1/camera_data/image_BS1_1064_03_22_14.jpg,4,6
979,../../..//Data/Scenario5/development_dataset/unit1/camera_data/image_BS1_3630_03_27_42.jpg,21,42
1538,../../..//Data/Scenario5/development_dataset/unit1/camera_data/image_BS1_6483_03_33_48.jpg,7,13
730,../../..//Data/Scenario5/development_dataset/unit1/camera_data/image_BS1_2889_03_26_07.jpg,2,2
800,../../..//Data/Scenario5/development_dataset/unit1/camera_data/image_BS1_8607_03_38_21.jpg,15,30
284,../../..//Data/Scenario5/development_dataset/unit1/camera_data/image_BS1_5380_03_31_26.jpg,24,46
598,../../..//Data/Scenario5/development_dataset/unit1/camera_data/image_BS1_8105_03_37_16.jpg,11,22
209,../../..//Data/Scenario5/development_dataset/unit1/camera_data/image_BS1_6833_03_34_32.jpg,15,29
66,../../..//Data/Scenario5/development_dataset/unit1/camera_data/image_BS1_2875_03_26_06.jpg,7,13
287,../../..//Data/Scenario5/development_dataset/unit1/camera_data/image_BS1_8055_03_37_09.jpg,28,55
1293,../../..//Data/Scenario5/development_dataset/unit1/camera_data/image_BS1_4128_03_28_46.jpg,5,9
242,../../..//Data/Scenario5/development_dataset/unit1/camera_data/image_BS1_4081_03_28_40.jpg,27,54
886,../../..//Data/Scenario5/development_dataset/unit1/camera_data/image_BS1_2622_03_25_33.jpg,29,57
1262,../../..//Data/Scenario5/development_dataset/unit1/camera_data/image_BS1_4085_03_28_40.jpg,26,51
873,../../..//Data/Scenario5/development_dataset/unit1/camera_data/image_BS1_9867_03_41_05.jpg,25,49
402,../../..//Data/Scenario5/development_dataset/unit1/camera_data/image_BS1_4137_03_28_47.jpg,2,2
1527,../../..//Data/Scenario5/development_dataset/unit1/camera_data/image_BS1_5393_03_31_28.jpg,28,55
702,../../..//Data/Scenario5/development_dataset/unit1/camera_data/image_BS1_3636_03_27_43.jpg,18,34
1431,../../..//Data/Scenario5/development_dataset/unit1/camera_data/image_BS1_1317_03_22_47.jpg,29,57
54,../../..//Data/Scenario5/development_dataset/unit1/camera_data/image_BS1_3611_03_27_40.jpg,27,53
791,../../..//Data/Scenario5/development_dataset/unit1/camera_data/image_BS1_591_03_21_13.jpg,6,11
232,../../..//Data/Scenario5/development_dataset/unit1/camera_data/image_BS1_8081_03_37_13.jpg,20,39
109,../../..//Data/Scenario5/development_dataset/unit1/camera_data/image_BS1_2036_03_24_19.jpg,20,39
112,../../..//Data/Scenario5/development_dataset/unit1/camera_data/image_BS1_6813_03_34_30.jpg,26,51
559,../../..//Data/Scenario5/development_dataset/unit1/camera_data/image_BS1_7837_03_36_41.jpg,15,29
743,../../..//Data/Scenario5/development_dataset/unit1/camera_data/image_BS1_5337_03_31_20.jpg,3,4
1074,../../..//Data/Scenario5/development_dataset/unit1/camera_data/image_BS1_9313_03_39_53.jpg,3,6
1065,../../..//Data/Scenario5/development_dataset/unit1/camera_data/image_BS1_6560_03_33_57.jpg,30,62
526,../../..//Data/Scenario5/development_dataset/unit1/camera_data/image_BS1_1046_03_22_12.jpg,9,17
1579,../../..//Data/Scenario5/development_dataset/unit1/camera_data/image_BS1_4075_03_28_39.jpg,29,57
672,../../..//Data/Scenario5/development_dataset/unit1/camera_data/image_BS1_9271_03_39_48.jpg,26,51
310,../../..//Data/Scenario5/development_dataset/unit1/camera_data/image_BS1_6546_03_33_56.jpg,27,54
49,../../..//Data/Scenario5/development_dataset/unit1/camera_data/image_BS1_6485_03_33_48.jpg,9,16
1500,../../..//Data/Scenario5/development_dataset/unit1/camera_data/image_BS1_6497_03_33_49.jpg,12,23
712,../../..//Data/Scenario5/development_dataset/unit1/camera_data/image_BS1_2030_03_24_18.jpg,15,29
769,../../..//Data/Scenario5/development_dataset/unit1/camera_data/image_BS1_2550_03_25_24.jpg,11,21
409,../../..//Data/Scenario5/development_dataset/unit1/camera_data/image_BS1_6263_03_33_19.jpg,14,27
1093,../../..//Data/Scenario5/development_dataset/unit1/camera_data/image_BS1_6296_03_33_24.jpg,2,2
1409,../../..//Data/Scenario5/development_dataset/unit1/camera_data/image_BS1_6522_03_33_53.jpg,20,39
92,../../..//Data/Scenario5/development_dataset/unit1/camera_data/image_BS1_2587_03_25_29.jpg,19,38
443,../../..//Data/Scenario5/development_dataset/unit1/camera_data/image_BS1_3660_03_27_46.jpg,7,13
826,../../..//Data/Scenario5/development_dataset/unit1/camera_data/image_BS1_2518_03_25_20.jpg,4,7
178,../../..//Data/Scenario5/development_dataset/unit1/camera_data/image_BS1_9473_03_40_14.jpg,6,11
780,../../..//Data/Scenario5/development_dataset/unit1/camera_data/image_BS1_2852_03_26_03.jpg,15,28
1023,../../..//Data/Scenario5/development_dataset/unit1/camera_data/image_BS1_4077_03_28_39.jpg,28,55
260,../../..//Data/Scenario5/development_dataset/unit1/camera_data/image_BS1_1302_03_22_45.jpg,23,46
1033,../../..//Data/Scenario5/development_dataset/unit1/camera_data/image_BS1_7856_03_36_44.jpg,24,47
1021,../../..//Data/Scenario5/development_dataset/unit1/camera_data/image_BS1_6239_03_33_16.jpg,25,48
31,../../..//Data/Scenario5/development_dataset/unit1/camera_data/image_BS1_9544_03_40_23.jpg,30,60
1375,../../..//Data/Scenario5/development_dataset/unit1/camera_data/image_BS1_9882_03_41_07.jpg,20,39
352,../../..//Data/Scenario5/development_dataset/unit1/camera_data/image_BS1_4329_03_29_11.jpg,9,17
444,../../..//Data/Scenario5/development_dataset/unit1/camera_data/image_BS1_648_03_21_21.jpg,20,39
802,../../..//Data/Scenario5/development_dataset/unit1/camera_data/image_BS1_9467_03_40_13.jpg,4,6
269,../../..//Data/Scenario5/development_dataset/unit1/camera_data/image_BS1_2040_03_24_19.jpg,22,43
422,../../..//Data/Scenario5/development_dataset/unit1/camera_data/image_BS1_8614_03_38_22.jpg,19,37
1448,../../..//Data/Scenario5/development_dataset/unit1/camera_data/image_BS1_1056_03_22_13.jpg,6,11
1571,../../..//Data/Scenario5/development_dataset/unit1/camera_data/image_BS1_7847_03_36_43.jpg,20,39
1495,../../..//Data/Scenario5/development_dataset/unit1/camera_data/image_BS1_1304_03_22_45.jpg,23,46
603,../../..//Data/Scenario5/development_dataset/unit1/camera_data/image_BS1_6820_03_34_31.jpg,23,44
38,../../..//Data/Scenario5/development_dataset/unit1/camera_data/image_BS1_9888_03_41_08.jpg,18,34
433,../../..//Data/Scenario5/development_dataset/unit1/camera_data/image_BS1_5954_03_32_40.jpg,28,55
488,../../..//Data/Scenario5/development_dataset/unit1/camera_data/image_BS1_4360_03_29_15.jpg,25,48
1186,../../..//Data/Scenario5/development_dataset/unit1/camera_data/image_BS1_8061_03_37_10.jpg,27,53
496,../../..//Data/Scenario5/development_dataset/unit1/camera_data/image_BS1_2808_03_25_57.jpg,30,59
992,../../..//Data/Scenario5/development_dataset/unit1/camera_data/image_BS1_2053_03_24_21.jpg,28,55
492,../../..//Data/Scenario5/development_dataset/unit1/camera_data/image_BS1_6232_03_33_15.jpg,28,54
400,../../..//Data/Scenario5/development_dataset/unit1/camera_data/image_BS1_5341_03_31_21.jpg,4,7
1041,../../..//Data/Scenario5/development_dataset/unit1/camera_data/image_BS1_5389_03_31_27.jpg,27,54
1004,../../..//Data/Scenario5/development_dataset/unit1/camera_data/image_BS1_2838_03_26_01.jpg,20,38
1399,../../..//Data/Scenario5/development_dataset/unit1/camera_data/image_BS1_9509_03_40_19.jpg,17,32
1411,../../..//Data/Scenario5/development_dataset/unit1/camera_data/image_BS1_1044_03_22_12.jpg,11,20
1130,../../..//Data/Scenario5/development_dataset/unit1/camera_data/image_BS1_9497_03_40_17.jpg,12,23
650,../../..//Data/Scenario5/development_dataset/unit1/camera_data/image_BS1_8046_03_37_08.jpg,30,59
1120,../../..//Data/Scenario5/development_dataset/unit1/camera_data/image_BS1_5895_03_32_32.jpg,4,6
1425,../../..//Data/Scenario5/development_dataset/unit1/camera_data/image_BS1_6532_03_33_54.jpg,23,44
1006,../../..//Data/Scenario5/development_dataset/unit1/camera_data/image_BS1_6844_03_34_34.jpg,9,17
914,../../..//Data/Scenario5/development_dataset/unit1/camera_data/image_BS1_1029_03_22_10.jpg,16,32
81,../../..//Data/Scenario5/development_dataset/unit1/camera_data/image_BS1_4122_03_28_45.jpg,7,14
1258,../../..//Data/Scenario5/development_dataset/unit1/camera_data/image_BS1_4318_03_29_10.jpg,4,7
191,../../..//Data/Scenario5/development_dataset/unit1/camera_data/image_BS1_1257_03_22_39.jpg,2,4
102,../../..//Data/Scenario5/development_dataset/unit1/camera_data/image_BS1_982_03_22_04.jpg,30,60
300,../../..//Data/Scenario5/development_dataset/unit1/camera_data/image_BS1_4074_03_28_39.jpg,29,57
271,../../..//Data/Scenario5/development_dataset/unit1/camera_data/image_BS1_9893_03_41_08.jpg,16,30
268,../../..//Data/Scenario5/development_dataset/unit1/camera_data/image_BS1_5333_03_31_20.jpg,2,3
597,../../..//Data/Scenario5/development_dataset/unit1/camera_data/image_BS1_8082_03_37_13.jpg,21,41
293,../../..//Data/Scenario5/development_dataset/unit1/camera_data/image_BS1_7818_03_36_39.jpg,6,11
613,../../..//Data/Scenario5/development_dataset/unit1/camera_data/image_BS1_6265_03_33_20.jpg,14,26
103,../../..//Data/Scenario5/development_dataset/unit1/camera_data/image_BS1_9499_03_40_17.jpg,13,25
645,../../..//Data/Scenario5/development_dataset/unit1/camera_data/image_BS1_8113_03_37_17.jpg,7,13
436,../../..//Data/Scenario5/development_dataset/unit1/camera_data/image_BS1_6469_03_33_46.jpg,2,3
1017,../../..//Data/Scenario5/development_dataset/unit1/camera_data/image_BS1_3602_03_27_39.jpg,29,58
1575,../../..//Data/Scenario5/development_dataset/unit1/camera_data/image_BS1_2848_03_26_02.jpg,16,31
1272,../../..//Data/Scenario5/development_dataset/unit1/camera_data/image_BS1_8076_03_37_12.jpg,23,44
1182,../../..//Data/Scenario5/development_dataset/unit1/camera_data/image_BS1_8116_03_37_17.jpg,6,11
1264,../../..//Data/Scenario5/development_dataset/unit1/camera_data/image_BS1_4114_03_28_44.jpg,11,21
1209,../../..//Data/Scenario5/development_dataset/unit1/camera_data/image_BS1_7808_03_36_38.jpg,2,2
738,../../..//Data/Scenario5/development_dataset/unit1/camera_data/image_BS1_1057_03_22_13.jpg,6,11
256,../../..//Data/Scenario5/development_dataset/unit1/camera_data/image_BS1_4368_03_29_16.jpg,27,52
624,../../..//Data/Scenario5/development_dataset/unit1/camera_data/image_BS1_5887_03_32_31.jpg,2,3
1535,../../..//Data/Scenario5/development_dataset/unit1/camera_data/image_BS1_2576_03_25_27.jpg,17,33
639,../../..//Data/Scenario5/development_dataset/unit1/camera_data/image_BS1_595_03_21_14.jpg,7,13
1166,../../..//Data/Scenario5/development_dataset/unit1/camera_data/image_BS1_1286_03_22_43.jpg,14,27
1157,../../..//Data/Scenario5/development_dataset/unit1/camera_data/image_BS1_586_03_21_13.jpg,6,11
942,../../..//Data/Scenario5/development_dataset/unit1/camera_data/image_BS1_1295_03_22_44.jpg,19,37
787,../../..//Data/Scenario5/development_dataset/unit1/camera_data/image_BS1_9486_03_40_16.jpg,9,17
913,../../..//Data/Scenario5/development_dataset/unit1/camera_data/image_BS1_576_03_21_11.jpg,3,5
630,../../..//Data/Scenario5/development_dataset/unit1/camera_data/image_BS1_9541_03_40_23.jpg,30,59
1476,../../..//Data/Scenario5/development_dataset/unit1/camera_data/image_BS1_1055_03_22_13.jpg,6,11
1541,../../..//Data/Scenario5/development_dataset/unit1/camera_data/image_BS1_2821_03_25_59.jpg,26,51
1199,../../..//Data/Scenario5/development_dataset/unit1/camera_data/image_BS1_6249_03_33_17.jpg,20,39
182,../../..//Data/Scenario5/development_dataset/unit1/camera_data/image_BS1_2024_03_24_17.jpg,12,22
676,../../..//Data/Scenario5/development_dataset/unit1/camera_data/image_BS1_5940_03_32_38.jpg,23,44
529,../../..//Data/Scenario5/development_dataset/unit1/camera_data/image_BS1_9851_03_41_03.jpg,30,59
481,../../..//Data/Scenario5/development_dataset/unit1/camera_data/image_BS1_1049_03_22_12.jpg,9,16
1158,../../..//Data/Scenario5/development_dataset/unit1/camera_data/image_BS1_6465_03_33_45.jpg,2,2
1553,../../..//Data/Scenario5/development_dataset/unit1/camera_data/image_BS1_647_03_21_20.jpg,20,38
419,../../..//Data/Scenario5/development_dataset/unit1/camera_data/image_BS1_1014_03_22_08.jpg,22,42
265,../../..//Data/Scenario5/development_dataset/unit1/camera_data/image_BS1_637_03_21_19.jpg,17,33
1098,../../..//Data/Scenario5/development_dataset/unit1/camera_data/image_BS1_5352_03_31_22.jpg,9,17
1380,../../..//Data/Scenario5/development_dataset/unit1/camera_data/image_BS1_1289_03_22_43.jpg,16,30
1030,../../..//Data/Scenario5/development_dataset/unit1/camera_data/image_BS1_1050_03_22_12.jpg,8,14
120,../../..//Data/Scenario5/development_dataset/unit1/camera_data/image_BS1_5332_03_31_20.jpg,2,2
1517,../../..//Data/Scenario5/development_dataset/unit1/camera_data/image_BS1_3632_03_27_42.jpg,20,39
1294,../../..//Data/Scenario5/development_dataset/unit1/camera_data/image_BS1_6514_03_33_52.jpg,18,34
593,../../..//Data/Scenario5/development_dataset/unit1/camera_data/image_BS1_2572_03_25_27.jpg,15,29
557,../../..//Data/Scenario5/development_dataset/unit1/camera_data/image_BS1_2627_03_25_34.jpg,30,59
847,../../..//Data/Scenario5/development_dataset/unit1/camera_data/image_BS1_633_03_21_19.jpg,15,29
1548,../../..//Data/Scenario5/development_dataset/unit1/camera_data/image_BS1_4093_03_28_41.jpg,22,43
203,../../..//Data/Scenario5/development_dataset/unit1/camera_data/image_BS1_8589_03_38_19.jpg,7,14
170,../../..//Data/Scenario5/development_dataset/unit1/camera_data/image_BS1_8574_03_38_16.jpg,2,3
305,../../..//Data/Scenario5/development_dataset/unit1/camera_data/image_BS1_1017_03_22_08.jpg,20,39
1540,../../..//Data/Scenario5/development_dataset/unit1/camera_data/image_BS1_8121_03_37_18.jpg,4,7
1459,../../..//Data/Scenario5/development_dataset/unit1/camera_data/image_BS1_4106_03_28_43.jpg,15,30
699,../../..//Data/Scenario5/development_dataset/unit1/camera_data/image_BS1_9904_03_41_10.jpg,11,20
303,../../..//Data/Scenario5/development_dataset/unit1/camera_data/image_BS1_6837_03_34_33.jpg,14,27
1444,../../..//Data/Scenario5/development_dataset/unit1/camera_data/image_BS1_5946_03_32_39.jpg,25,49
991,../../..//Data/Scenario5/development_dataset/unit1/camera_data/image_BS1_6537_03_33_54.jpg,25,49
726,../../..//Data/Scenario5/development_dataset/unit1/camera_data/image_BS1_6861_03_34_36.jpg,2,3
882,../../..//Data/Scenario5/development_dataset/unit1/camera_data/image_BS1_2527_03_25_21.jpg,6,11
326,../../..//Data/Scenario5/development_dataset/unit1/camera_data/image_BS1_2818_03_25_58.jpg,26,52
1066,../../..//Data/Scenario5/development_dataset/unit1/camera_data/image_BS1_5367_03_31_24.jpg,17,34
407,../../..//Data/Scenario5/development_dataset/unit1/camera_data/image_BS1_8073_03_37_11.jpg,24,48
665,../../..//Data/Scenario5/development_dataset/unit1/camera_data/image_BS1_4364_03_29_16.jpg,25,49
1086,../../..//Data/Scenario5/development_dataset/unit1/camera_data/image_BS1_8072_03_37_11.jpg,24,47
1311,../../..//Data/Scenario5/development_dataset/unit1/camera_data/image_BS1_2048_03_24_20.jpg,26,51
576,../../..//Data/Scenario5/development_dataset/unit1/camera_data/image_BS1_8123_03_37_18.jpg,4,7
537,../../..//Data/Scenario5/development_dataset/unit1/camera_data/image_BS1_6853_03_34_35.jpg,5,9
1119,../../..//Data/Scenario5/development_dataset/unit1/camera_data/image_BS1_4343_03_29_13.jpg,16,30
383,../../..//Data/Scenario5/development_dataset/unit1/camera_data/image_BS1_5374_03_31_25.jpg,20,39
423,../../..//Data/Scenario5/development_dataset/unit1/camera_data/image_BS1_2604_03_25_31.jpg,24,46
23,../../..//Data/Scenario5/development_dataset/unit1/camera_data/image_BS1_4094_03_28_41.jpg,22,43
205,../../..//Data/Scenario5/development_dataset/unit1/camera_data/image_BS1_4312_03_29_09.jpg,2,3
877,../../..//Data/Scenario5/development_dataset/unit1/camera_data/image_BS1_2015_03_24_16.jpg,6,11
1326,../../..//Data/Scenario5/development_dataset/unit1/camera_data/image_BS1_5358_03_31_23.jpg,12,23
709,../../..//Data/Scenario5/development_dataset/unit1/camera_data/image_BS1_1287_03_22_43.jpg,15,29
1235,../../..//Data/Scenario5/development_dataset/unit1/camera_data/image_BS1_2033_03_24_18.jpg,19,34
249,../../..//Data/Scenario5/development_dataset/unit1/camera_data/image_BS1_9465_03_40_13.jpg,3,4
539,../../..//Data/Scenario5/development_dataset/unit1/camera_data/image_BS1_7814_03_36_38.jpg,4,6
237,../../..//Data/Scenario5/development_dataset/unit1/camera_data/image_BS1_2523_03_25_21.jpg,6,11
354,../../..//Data/Scenario5/development_dataset/unit1/camera_data/image_BS1_2820_03_25_59.jpg,26,51
454,../../..//Data/Scenario5/development_dataset/unit1/camera_data/image_BS1_5893_03_32_32.jpg,3,4
693,../../..//Data/Scenario5/development_dataset/unit1/camera_data/image_BS1_5370_03_31_25.jpg,19,37
1501,../../..//Data/Scenario5/development_dataset/unit1/camera_data/image_BS1_2537_03_25_23.jpg,9,17
977,../../..//Data/Scenario5/development_dataset/unit1/camera_data/image_BS1_2807_03_25_57.jpg,30,58
20,../../..//Data/Scenario5/development_dataset/unit1/camera_data/image_BS1_1072_03_22_15.jpg,2,2
289,../../..//Data/Scenario5/development_dataset/unit1/camera_data/image_BS1_583_03_21_12.jpg,4,7
859,../../..//Data/Scenario5/development_dataset/unit1/camera_data/image_BS1_6838_03_34_33.jpg,13,25
758,../../..//Data/Scenario5/development_dataset/unit1/camera_data/image_BS1_1259_03_22_39.jpg,3,4
1171,../../..//Data/Scenario5/development_dataset/unit1/camera_data/image_BS1_8110_03_37_16.jpg,9,17
302,../../..//Data/Scenario5/development_dataset/unit1/camera_data/image_BS1_4339_03_29_13.jpg,14,27
369,../../..//Data/Scenario5/development_dataset/unit1/camera_data/image_BS1_5353_03_31_23.jpg,10,20
1164,../../..//Data/Scenario5/development_dataset/unit1/camera_data/image_BS1_9466_03_40_13.jpg,3,4
829,../../..//Data/Scenario5/development_dataset/unit1/camera_data/image_BS1_2047_03_24_20.jpg,26,52
52,../../..//Data/Scenario5/development_dataset/unit1/camera_data/image_BS1_670_03_21_23.jpg,26,51
4,../../..//Data/Scenario5/development_dataset/unit1/camera_data/image_BS1_6811_03_34_29.jpg,26,51
538,../../..//Data/Scenario5/development_dataset/unit1/camera_data/image_BS1_9260_03_39_46.jpg,30,60
116,../../..//Data/Scenario5/development_dataset/unit1/camera_data/image_BS1_9492_03_40_16.jpg,9,18
141,../../..//Data/Scenario5/development_dataset/unit1/camera_data/image_BS1_603_03_21_15.jpg,9,17
670,../../..//Data/Scenario5/development_dataset/unit1/camera_data/image_BS1_6291_03_33_23.jpg,3,4
276,../../..//Data/Scenario5/development_dataset/unit1/camera_data/image_BS1_7830_03_36_40.jpg,11,22
621,../../..//Data/Scenario5/development_dataset/unit1/camera_data/image_BS1_9876_03_41_06.jpg,23,44
168,../../..//Data/Scenario5/development_dataset/unit1/camera_data/image_BS1_6234_03_33_16.jpg,26,52
853,../../..//Data/Scenario5/development_dataset/unit1/camera_data/image_BS1_4334_03_29_12.jpg,11,22
1387,../../..//Data/Scenario5/development_dataset/unit1/camera_data/image_BS1_986_03_22_04.jpg,30,59
905,../../..//Data/Scenario5/development_dataset/unit1/camera_data/image_BS1_2596_03_25_30.jpg,21,42
811,../../..//Data/Scenario5/development_dataset/unit1/camera_data/image_BS1_4365_03_29_16.jpg,26,51
50,../../..//Data/Scenario5/development_dataset/unit1/camera_data/image_BS1_1298_03_22_44.jpg,20,39
95,../../..//Data/Scenario5/development_dataset/unit1/camera_data/image_BS1_4113_03_28_44.jpg,12,22
651,../../..//Data/Scenario5/development_dataset/unit1/camera_data/image_BS1_6473_03_33_46.jpg,4,7
304,../../..//Data/Scenario5/development_dataset/unit1/camera_data/image_BS1_4117_03_28_44.jpg,9,17
636,../../..//Data/Scenario5/development_dataset/unit1/camera_data/image_BS1_9902_03_41_09.jpg,11,22
1036,../../..//Data/Scenario5/development_dataset/unit1/camera_data/image_BS1_2031_03_24_18.jpg,16,31
105,../../..//Data/Scenario5/development_dataset/unit1/camera_data/image_BS1_4337_03_29_12.jpg,12,23
585,../../..//Data/Scenario5/development_dataset/unit1/camera_data/image_BS1_1031_03_22_10.jpg,15,29
1230,../../..//Data/Scenario5/development_dataset/unit1/camera_data/image_BS1_8586_03_38_18.jpg,6,12
858,../../..//Data/Scenario5/development_dataset/unit1/camera_data/image_BS1_577_03_21_11.jpg,3,6
970,../../..//Data/Scenario5/development_dataset/unit1/camera_data/image_BS1_987_03_22_04.jpg,30,59
1320,../../..//Data/Scenario5/development_dataset/unit1/camera_data/image_BS1_2009_03_24_15.jpg,4,4
1464,../../..//Data/Scenario5/development_dataset/unit1/camera_data/image_BS1_6542_03_33_55.jpg,26,51
701,../../..//Data/Scenario5/development_dataset/unit1/camera_data/image_BS1_1011_03_22_07.jpg,23,45
1048,../../..//Data/Scenario5/development_dataset/unit1/camera_data/image_BS1_1281_03_22_42.jpg,12,22
938,../../..//Data/Scenario5/development_dataset/unit1/camera_data/image_BS1_4342_03_29_13.jpg,15,29
1113,../../..//Data/Scenario5/development_dataset/unit1/camera_data/image_BS1_596_03_21_14.jpg,7,14
1070,../../..//Data/Scenario5/development_dataset/unit1/camera_data/image_BS1_2510_03_25_19.jpg,2,4
429,../../..//Data/Scenario5/development_dataset/unit1/camera_data/image_BS1_2882_03_26_07.jpg,4,7
229,../../..//Data/Scenario5/development_dataset/unit1/camera_data/image_BS1_9490_03_40_16.jpg,9,17
373,../../..//Data/Scenario5/development_dataset/unit1/camera_data/image_BS1_6508_03_33_51.jpg,16,32
971,../../..//Data/Scenario5/development_dataset/unit1/camera_data/image_BS1_3616_03_27_40.jpg,25,49
860,../../..//Data/Scenario5/development_dataset/unit1/camera_data/image_BS1_1280_03_22_42.jpg,11,22
703,../../..//Data/Scenario5/development_dataset/unit1/camera_data/image_BS1_5364_03_31_24.jpg,15,29
664,../../..//Data/Scenario5/development_dataset/unit1/camera_data/image_BS1_6824_03_34_31.jpg,20,39
907,../../..//Data/Scenario5/development_dataset/unit1/camera_data/image_BS1_572_03_21_11.jpg,2,4
1452,../../..//Data/Scenario5/development_dataset/unit1/camera_data/image_BS1_5401_03_31_29.jpg,31,60
286,../../..//Data/Scenario5/development_dataset/unit1/camera_data/image_BS1_1000_03_22_06.jpg,26,51
1556,../../..//Data/Scenario5/development_dataset/unit1/camera_data/image_BS1_4073_03_28_39.jpg,30,58
532,../../..//Data/Scenario5/development_dataset/unit1/camera_data/image_BS1_2021_03_24_17.jpg,10,19
1305,../../..//Data/Scenario5/development_dataset/unit1/camera_data/image_BS1_4369_03_29_16.jpg,28,54
1318,../../..//Data/Scenario5/development_dataset/unit1/camera_data/image_BS1_665_03_21_23.jpg,25,49
212,../../..//Data/Scenario5/development_dataset/unit1/camera_data/image_BS1_616_03_21_16.jpg,11,22
614,../../..//Data/Scenario5/development_dataset/unit1/camera_data/image_BS1_9319_03_39_54.jpg,2,3
588,../../..//Data/Scenario5/development_dataset/unit1/camera_data/image_BS1_1032_03_22_10.jpg,15,29
89,../../..//Data/Scenario5/development_dataset/unit1/camera_data/image_BS1_5955_03_32_40.jpg,29,57
731,../../..//Data/Scenario5/development_dataset/unit1/camera_data/image_BS1_1296_03_22_44.jpg,19,38
1224,../../..//Data/Scenario5/development_dataset/unit1/camera_data/image_BS1_5386_03_31_27.jpg,26,51
725,../../..//Data/Scenario5/development_dataset/unit1/camera_data/image_BS1_8091_03_37_14.jpg,19,34
893,../../..//Data/Scenario5/development_dataset/unit1/camera_data/image_BS1_9290_03_39_50.jpg,14,28
1433,../../..//Data/Scenario5/development_dataset/unit1/camera_data/image_BS1_2054_03_24_21.jpg,29,57
1471,../../..//Data/Scenario5/development_dataset/unit1/camera_data/image_BS1_4349_03_29_14.jpg,19,37
615,../../..//Data/Scenario5/development_dataset/unit1/camera_data/image_BS1_6499_03_33_50.jpg,14,26
1228,../../..//Data/Scenario5/development_dataset/unit1/camera_data/image_BS1_9875_03_41_06.jpg,23,46
1473,../../..//Data/Scenario5/development_dataset/unit1/camera_data/image_BS1_5932_03_32_37.jpg,20,39
1558,../../..//Data/Scenario5/development_dataset/unit1/camera_data/image_BS1_2543_03_25_23.jpg,9,17
461,../../..//Data/Scenario5/development_dataset/unit1/camera_data/image_BS1_623_03_21_17.jpg,13,26
626,../../..//Data/Scenario5/development_dataset/unit1/camera_data/image_BS1_9503_03_40_18.jpg,15,29
1451,../../..//Data/Scenario5/development_dataset/unit1/camera_data/image_BS1_7839_03_36_42.jpg,16,31
1377,../../..//Data/Scenario5/development_dataset/unit1/camera_data/image_BS1_9856_03_41_03.jpg,28,55
193,../../..//Data/Scenario5/development_dataset/unit1/camera_data/image_BS1_6233_03_33_15.jpg,28,54
1551,../../..//Data/Scenario5/development_dataset/unit1/camera_data/image_BS1_652_03_21_21.jpg,21,42
1365,../../..//Data/Scenario5/development_dataset/unit1/camera_data/image_BS1_9886_03_41_07.jpg,19,38
1533,../../..//Data/Scenario5/development_dataset/unit1/camera_data/image_BS1_9307_03_39_52.jpg,6,11
580,../../..//Data/Scenario5/development_dataset/unit1/camera_data/image_BS1_2528_03_25_21.jpg,6,11
910,../../..//Data/Scenario5/development_dataset/unit1/camera_data/image_BS1_6474_03_33_46.jpg,4,7
1512,../../..//Data/Scenario5/development_dataset/unit1/camera_data/image_BS1_6821_03_34_31.jpg,22,43
497,../../..//Data/Scenario5/development_dataset/unit1/camera_data/image_BS1_9493_03_40_17.jpg,10,19
1303,../../..//Data/Scenario5/development_dataset/unit1/camera_data/image_BS1_2626_03_25_34.jpg,30,59
1099,../../..//Data/Scenario5/development_dataset/unit1/camera_data/image_BS1_5334_03_31_20.jpg,2,3
1271,../../..//Data/Scenario5/development_dataset/unit1/camera_data/image_BS1_627_03_21_18.jpg,14,26
1438,../../..//Data/Scenario5/development_dataset/unit1/camera_data/image_BS1_600_03_21_14.jpg,8,16
1561,../../..//Data/Scenario5/development_dataset/unit1/camera_data/image_BS1_5385_03_31_27.jpg,25,49
1360,../../..//Data/Scenario5/development_dataset/unit1/camera_data/image_BS1_2597_03_25_30.jpg,22,42
147,../../..//Data/Scenario5/development_dataset/unit1/camera_data/image_BS1_8102_03_37_15.jpg,12,23
1290,../../..//Data/Scenario5/development_dataset/unit1/camera_data/image_BS1_8066_03_37_11.jpg,26,52
1197,../../..//Data/Scenario5/development_dataset/unit1/camera_data/image_BS1_608_03_21_15.jpg,9,17
1185,../../..//Data/Scenario5/development_dataset/unit1/camera_data/image_BS1_6856_03_34_35.jpg,3,5
322,../../..//Data/Scenario5/development_dataset/unit1/camera_data/image_BS1_2583_03_25_28.jpg,19,36
57,../../..//Data/Scenario5/development_dataset/unit1/camera_data/image_BS1_5384_03_31_27.jpg,25,49
143,../../..//Data/Scenario5/development_dataset/unit1/camera_data/image_BS1_2873_03_26_05.jpg,9,17
737,../../..//Data/Scenario5/development_dataset/unit1/camera_data/image_BS1_7825_03_36_40.jpg,9,16
600,../../..//Data/Scenario5/development_dataset/unit1/camera_data/image_BS1_5896_03_32_32.jpg,4,6
633,../../..//Data/Scenario5/development_dataset/unit1/camera_data/image_BS1_681_03_21_25.jpg,30,59
405,../../..//Data/Scenario5/development_dataset/unit1/camera_data/image_BS1_7828_03_36_40.jpg,10,20
1374,../../..//Data/Scenario5/development_dataset/unit1/camera_data/image_BS1_610_03_21_16.jpg,10,20
1015,../../..//Data/Scenario5/development_dataset/unit1/camera_data/image_BS1_4115_03_28_44.jpg,10,20
199,../../..//Data/Scenario5/development_dataset/unit1/camera_data/image_BS1_2853_03_26_03.jpg,14,28
160,../../..//Data/Scenario5/development_dataset/unit1/camera_data/image_BS1_6849_03_34_34.jpg,6,11
228,../../..//Data/Scenario5/development_dataset/unit1/camera_data/image_BS1_2531_03_25_22.jpg,7,13
1483,../../..//Data/Scenario5/development_dataset/unit1/camera_data/image_BS1_6826_03_34_31.jpg,20,39
654,../../..//Data/Scenario5/development_dataset/unit1/camera_data/image_BS1_8088_03_37_13.jpg,19,38
1485,../../..//Data/Scenario5/development_dataset/unit1/camera_data/image_BS1_2847_03_26_02.jpg,16,32
1362,../../..//Data/Scenario5/development_dataset/unit1/camera_data/image_BS1_9480_03_40_15.jpg,5,9
332,../../..//Data/Scenario5/development_dataset/unit1/camera_data/image_BS1_8074_03_37_12.jpg,24,46
290,../../..//Data/Scenario5/development_dataset/unit1/camera_data/image_BS1_4347_03_29_14.jpg,19,34
878,../../..//Data/Scenario5/development_dataset/unit1/camera_data/image_BS1_4336_03_29_12.jpg,12,23
662,../../..//Data/Scenario5/development_dataset/unit1/camera_data/image_BS1_7862_03_36_44.jpg,28,54
404,../../..//Data/Scenario5/development_dataset/unit1/camera_data/image_BS1_1307_03_22_45.jpg,26,51
1031,../../..//Data/Scenario5/development_dataset/unit1/camera_data/image_BS1_8625_03_38_23.jpg,24,46
821,../../..//Data/Scenario5/development_dataset/unit1/camera_data/image_BS1_2883_03_26_07.jpg,3,6
88,../../..//Data/Scenario5/development_dataset/unit1/camera_data/image_BS1_8125_03_37_18.jpg,3,6
871,../../..//Data/Scenario5/development_dataset/unit1/camera_data/image_BS1_1265_03_22_40.jpg,4,7
522,../../..//Data/Scenario5/development_dataset/unit1/camera_data/image_BS1_1024_03_22_09.jpg,18,34
155,../../..//Data/Scenario5/development_dataset/unit1/camera_data/image_BS1_5957_03_32_40.jpg,30,58
1094,../../..//Data/Scenario5/development_dataset/unit1/camera_data/image_BS1_5365_03_31_24.jpg,17,32
1270,../../..//Data/Scenario5/development_dataset/unit1/camera_data/image_BS1_2835_03_26_01.jpg,20,39
1297,../../..//Data/Scenario5/development_dataset/unit1/camera_data/image_BS1_6860_03_34_36.jpg,2,4
1477,../../..//Data/Scenario5/development_dataset/unit1/camera_data/image_BS1_2618_03_25_33.jpg,28,55
482,../../..//Data/Scenario5/development_dataset/unit1/camera_data/image_BS1_2855_03_26_03.jpg,14,27
1150,../../..//Data/Scenario5/development_dataset/unit1/camera_data/image_BS1_2620_03_25_33.jpg,28,55
1465,../../..//Data/Scenario5/development_dataset/unit1/camera_data/image_BS1_6247_03_33_17.jpg,22,43
448,../../..//Data/Scenario5/development_dataset/unit1/camera_data/image_BS1_8083_03_37_13.jpg,20,39
1001,../../..//Data/Scenario5/development_dataset/unit1/camera_data/image_BS1_5919_03_32_35.jpg,13,26
1333,../../..//Data/Scenario5/development_dataset/unit1/camera_data/image_BS1_666_03_21_23.jpg,26,52
1487,../../..//Data/Scenario5/development_dataset/unit1/camera_data/image_BS1_2546_03_25_24.jpg,11,20
121,../../..//Data/Scenario5/development_dataset/unit1/camera_data/image_BS1_8095_03_37_14.jpg,16,32
1221,../../..//Data/Scenario5/development_dataset/unit1/camera_data/image_BS1_1068_03_22_15.jpg,2,3
987,../../..//Data/Scenario5/development_dataset/unit1/camera_data/image_BS1_2599_03_25_30.jpg,23,44
84,../../..//Data/Scenario5/development_dataset/unit1/camera_data/image_BS1_3640_03_27_43.jpg,17,33
1536,../../..//Data/Scenario5/development_dataset/unit1/camera_data/image_BS1_4323_03_29_11.jpg,6,11
1329,../../..//Data/Scenario5/development_dataset/unit1/camera_data/image_BS1_8131_03_37_19.jpg,2,2
187,../../..//Data/Scenario5/development_dataset/unit1/camera_data/image_BS1_6264_03_33_19.jpg,14,26
1288,../../..//Data/Scenario5/development_dataset/unit1/camera_data/image_BS1_6285_03_33_22.jpg,4,8
1353,../../..//Data/Scenario5/development_dataset/unit1/camera_data/image_BS1_4103_03_28_43.jpg,17,34
315,../../..//Data/Scenario5/development_dataset/unit1/camera_data/image_BS1_4370_03_29_17.jpg,28,55
387,../../..//Data/Scenario5/development_dataset/unit1/camera_data/image_BS1_2864_03_26_04.jpg,11,22
1263,../../..//Data/Scenario5/development_dataset/unit1/camera_data/image_BS1_3656_03_27_45.jpg,9,17
134,../../..//Data/Scenario5/development_dataset/unit1/camera_data/image_BS1_981_03_22_04.jpg,30,60
637,../../..//Data/Scenario5/development_dataset/unit1/camera_data/image_BS1_579_03_21_12.jpg,4,7
1342,../../..//Data/Scenario5/development_dataset/unit1/camera_data/image_BS1_9461_03_40_12.jpg,4,6
82,../../..//Data/Scenario5/development_dataset/unit1/camera_data/image_BS1_2540_03_25_23.jpg,9,17
751,../../..//Data/Scenario5/development_dataset/unit1/camera_data/image_BS1_1319_03_22_47.jpg,30,59
491,../../..//Data/Scenario5/development_dataset/unit1/camera_data/image_BS1_3625_03_27_42.jpg,23,44
760,../../..//Data/Scenario5/development_dataset/unit1/camera_data/image_BS1_6272_03_33_20.jpg,11,20
548,../../..//Data/Scenario5/development_dataset/unit1/camera_data/image_BS1_6547_03_33_56.jpg,28,54
1159,../../..//Data/Scenario5/development_dataset/unit1/camera_data/image_BS1_8054_03_37_09.jpg,28,55
1368,../../..//Data/Scenario5/development_dataset/unit1/camera_data/image_BS1_6549_03_33_56.jpg,28,55
1239,../../..//Data/Scenario5/development_dataset/unit1/camera_data/image_BS1_2866_03_26_04.jpg,11,21
336,../../..//Data/Scenario5/development_dataset/unit1/camera_data/image_BS1_5891_03_32_32.jpg,2,3
1260,../../..//Data/Scenario5/development_dataset/unit1/camera_data/image_BS1_5888_03_32_31.jpg,2,3
465,../../..//Data/Scenario5/development_dataset/unit1/camera_data/image_BS1_2006_03_24_15.jpg,2,2
376,../../..//Data/Scenario5/development_dataset/unit1/camera_data/image_BS1_7845_03_36_42.jpg,20,39
997,../../..//Data/Scenario5/development_dataset/unit1/camera_data/image_BS1_5917_03_32_35.jpg,12,23
362,../../..//Data/Scenario5/development_dataset/unit1/camera_data/image_BS1_9518_03_40_20.jpg,20,40
1564,../../..//Data/Scenario5/development_dataset/unit1/camera_data/image_BS1_2046_03_24_20.jpg,25,49
599,../../..//Data/Scenario5/development_dataset/unit1/camera_data/image_BS1_9516_03_40_19.jpg,20,38
778,../../..//Data/Scenario5/development_dataset/unit1/camera_data/image_BS1_6244_03_33_17.jpg,23,45
967,../../..//Data/Scenario5/development_dataset/unit1/camera_data/image_BS1_1059_03_22_14.jpg,6,10
1447,../../..//Data/Scenario5/development_dataset/unit1/camera_data/image_BS1_2512_03_25_19.jpg,2,3
1265,../../..//Data/Scenario5/development_dataset/unit1/camera_data/image_BS1_8044_03_37_08.jpg,30,60
644,../../..//Data/Scenario5/development_dataset/unit1/camera_data/image_BS1_5390_03_31_27.jpg,28,55
648,../../..//Data/Scenario5/development_dataset/unit1/camera_data/image_BS1_3634_03_27_43.jpg,19,37
447,../../..//Data/Scenario5/development_dataset/unit1/camera_data/image_BS1_8581_03_38_17.jpg,3,6
1331,../../..//Data/Scenario5/development_dataset/unit1/camera_data/image_BS1_990_03_22_05.jpg,29,57
13,../../..//Data/Scenario5/development_dataset/unit1/camera_data/image_BS1_1306_03_22_45.jpg,24,47
1018,../../..//Data/Scenario5/development_dataset/unit1/camera_data/image_BS1_5930_03_32_37.jpg,19,37
1494,../../..//Data/Scenario5/development_dataset/unit1/camera_data/image_BS1_2010_03_24_15.jpg,4,7
74,../../..//Data/Scenario5/development_dataset/unit1/camera_data/image_BS1_1051_03_22_13.jpg,8,15
1546,../../..//Data/Scenario5/development_dataset/unit1/camera_data/image_BS1_9285_03_39_50.jpg,17,34
401,../../..//Data/Scenario5/development_dataset/unit1/camera_data/image_BS1_6281_03_33_22.jpg,5,10
824,../../..//Data/Scenario5/development_dataset/unit1/camera_data/image_BS1_8620_03_38_23.jpg,23,45
306,../../..//Data/Scenario5/development_dataset/unit1/camera_data/image_BS1_9300_03_39_52.jpg,9,17
415,../../..//Data/Scenario5/development_dataset/unit1/camera_data/image_BS1_1003_03_22_06.jpg,25,48
554,../../..//Data/Scenario5/development_dataset/unit1/camera_data/image_BS1_2817_03_25_58.jpg,28,54
609,../../..//Data/Scenario5/development_dataset/unit1/camera_data/image_BS1_6471_03_33_46.jpg,2,4
562,../../..//Data/Scenario5/development_dataset/unit1/camera_data/image_BS1_9506_03_40_18.jpg,15,29
425,../../..//Data/Scenario5/development_dataset/unit1/camera_data/image_BS1_7834_03_36_41.jpg,13,26
969,../../..//Data/Scenario5/development_dataset/unit1/camera_data/image_BS1_5898_03_32_32.jpg,5,9
164,../../..//Data/Scenario5/development_dataset/unit1/camera_data/image_BS1_5929_03_32_36.jpg,19,34
48,../../..//Data/Scenario5/development_dataset/unit1/camera_data/image_BS1_2005_03_24_15.jpg,2,3
1206,../../..//Data/Scenario5/development_dataset/unit1/camera_data/image_BS1_3635_03_27_43.jpg,19,37
99,../../..//Data/Scenario5/development_dataset/unit1/camera_data/image_BS1_5900_03_32_33.jpg,6,11
1114,../../..//Data/Scenario5/development_dataset/unit1/camera_data/image_BS1_9896_03_41_09.jpg,14,28
463,../../..//Data/Scenario5/development_dataset/unit1/camera_data/image_BS1_3670_03_27_47.jpg,2,3
608,../../..//Data/Scenario5/development_dataset/unit1/camera_data/image_BS1_9275_03_39_48.jpg,23,44
63,../../..//Data/Scenario5/development_dataset/unit1/camera_data/image_BS1_8605_03_38_21.jpg,15,29
281,../../..//Data/Scenario5/development_dataset/unit1/camera_data/image_BS1_8093_03_37_14.jpg,17,33
1521,../../..//Data/Scenario5/development_dataset/unit1/camera_data/image_BS1_2558_03_25_25.jpg,12,24
1302,../../..//Data/Scenario5/development_dataset/unit1/camera_data/image_BS1_2575_03_25_27.jpg,16,32
312,../../..//Data/Scenario5/development_dataset/unit1/camera_data/image_BS1_1297_03_22_44.jpg,20,39
132,../../..//Data/Scenario5/development_dataset/unit1/camera_data/image_BS1_2595_03_25_30.jpg,21,42
937,../../..//Data/Scenario5/development_dataset/unit1/camera_data/image_BS1_2511_03_25_19.jpg,2,4
1352,../../..//Data/Scenario5/development_dataset/unit1/camera_data/image_BS1_4378_03_29_18.jpg,30,59
1400,../../..//Data/Scenario5/development_dataset/unit1/camera_data/image_BS1_2056_03_24_21.jpg,30,60
660,../../..//Data/Scenario5/development_dataset/unit1/camera_data/image_BS1_9849_03_41_03.jpg,30,58
1490,../../..//Data/Scenario5/development_dataset/unit1/camera_data/image_BS1_2810_03_25_57.jpg,29,57
216,../../..//Data/Scenario5/development_dataset/unit1/camera_data/image_BS1_5937_03_32_37.jpg,22,42
136,../../..//Data/Scenario5/development_dataset/unit1/camera_data/image_BS1_1279_03_22_42.jpg,11,21
83,../../..//Data/Scenario5/development_dataset/unit1/camera_data/image_BS1_7846_03_36_42.jpg,20,39
397,../../..//Data/Scenario5/development_dataset/unit1/camera_data/image_BS1_4076_03_28_39.jpg,29,56
560,../../..//Data/Scenario5/development_dataset/unit1/camera_data/image_BS1_3675_03_27_48.jpg,2,2
720,../../..//Data/Scenario5/development_dataset/unit1/camera_data/image_BS1_9539_03_40_23.jpg,28,55
299,../../..//Data/Scenario5/development_dataset/unit1/camera_data/image_BS1_8114_03_37_17.jpg,7,14
1450,../../..//Data/Scenario5/development_dataset/unit1/camera_data/image_BS1_6486_03_33_48.jpg,9,17
1005,../../..//Data/Scenario5/development_dataset/unit1/camera_data/image_BS1_6254_03_33_18.jpg,19,37
927,../../..//Data/Scenario5/development_dataset/unit1/camera_data/image_BS1_1065_03_22_14.jpg,3,5
360,../../..//Data/Scenario5/development_dataset/unit1/camera_data/image_BS1_594_03_21_14.jpg,7,14
578,../../..//Data/Scenario5/development_dataset/unit1/camera_data/image_BS1_2613_03_25_32.jpg,26,51
632,../../..//Data/Scenario5/development_dataset/unit1/camera_data/image_BS1_6540_03_33_55.jpg,25,49
1505,../../..//Data/Scenario5/development_dataset/unit1/camera_data/image_BS1_3609_03_27_40.jpg,28,55
196,../../..//Data/Scenario5/development_dataset/unit1/camera_data/image_BS1_9897_03_41_09.jpg,14,27
1075,../../..//Data/Scenario5/development_dataset/unit1/camera_data/image_BS1_8599_03_38_20.jpg,12,22
1104,../../..//Data/Scenario5/development_dataset/unit1/camera_data/image_BS1_6257_03_33_19.jpg,17,33
1059,../../..//Data/Scenario5/development_dataset/unit1/camera_data/image_BS1_8638_03_38_25.jpg,30,59
777,../../..//Data/Scenario5/development_dataset/unit1/camera_data/image_BS1_1006_03_22_07.jpg,24,48
901,../../..//Data/Scenario5/development_dataset/unit1/camera_data/image_BS1_6271_03_33_20.jpg,11,21
931,../../..//Data/Scenario5/development_dataset/unit1/camera_data/image_BS1_4374_03_29_17.jpg,28,55
640,../../..//Data/Scenario5/development_dataset/unit1/camera_data/image_BS1_3603_03_27_39.jpg,30,59
978,../../..//Data/Scenario5/development_dataset/unit1/camera_data/image_BS1_7857_03_36_44.jpg,25,49
996,../../..//Data/Scenario5/development_dataset/unit1/camera_data/image_BS1_4319_03_29_10.jpg,5,8
342,../../..//Data/Scenario5/development_dataset/unit1/camera_data/image_BS1_3627_03_27_42.jpg,22,43
530,../../..//Data/Scenario5/development_dataset/unit1/camera_data/image_BS1_6284_03_33_22.jpg,6,11
1060,../../..//Data/Scenario5/development_dataset/unit1/camera_data/image_BS1_5918_03_32_35.jpg,12,23
1389,../../..//Data/Scenario5/development_dataset/unit1/camera_data/image_BS1_2602_03_25_31.jpg,23,45
1292,../../..//Data/Scenario5/development_dataset/unit1/camera_data/image_BS1_6847_03_34_34.jpg,7,14
1269,../../..//Data/Scenario5/development_dataset/unit1/camera_data/image_BS1_635_03_21_19.jpg,16,32
59,../../..//Data/Scenario5/development_dataset/unit1/camera_data/image_BS1_3657_03_27_46.jpg,9,16
1335,../../..//Data/Scenario5/development_dataset/unit1/camera_data/image_BS1_4129_03_28_46.jpg,4,6
1578,../../..//Data/Scenario5/development_dataset/unit1/camera_data/image_BS1_3604_03_27_39.jpg,28,55
240,../../..//Data/Scenario5/development_dataset/unit1/camera_data/image_BS1_8606_03_38_21.jpg,15,29
772,../../..//Data/Scenario5/development_dataset/unit1/camera_data/image_BS1_9522_03_40_20.jpg,22,43
351,../../..//Data/Scenario5/development_dataset/unit1/camera_data/image_BS1_5375_03_31_25.jpg,21,42
953,../../..//Data/Scenario5/development_dataset/unit1/camera_data/image_BS1_4345_03_29_13.jpg,17,34
1144,../../..//Data/Scenario5/development_dataset/unit1/camera_data/image_BS1_643_03_21_20.jpg,19,37
1391,../../..//Data/Scenario5/development_dataset/unit1/camera_data/image_BS1_654_03_21_21.jpg,22,42
1125,../../..//Data/Scenario5/development_dataset/unit1/camera_data/image_BS1_2850_03_26_02.jpg,15,29
832,../../..//Data/Scenario5/development_dataset/unit1/camera_data/image_BS1_9917_03_41_11.jpg,6,11
1219,../../..//Data/Scenario5/development_dataset/unit1/camera_data/image_BS1_2521_03_25_21.jpg,4,7
28,../../..//Data/Scenario5/development_dataset/unit1/camera_data/image_BS1_1035_03_22_11.jpg,14,27
1419,../../..//Data/Scenario5/development_dataset/unit1/camera_data/image_BS1_5363_03_31_24.jpg,15,29
535,../../..//Data/Scenario5/development_dataset/unit1/camera_data/image_BS1_9270_03_39_48.jpg,26,51
663,../../..//Data/Scenario5/development_dataset/unit1/camera_data/image_BS1_2035_03_24_18.jpg,19,37
1454,../../..//Data/Scenario5/development_dataset/unit1/camera_data/image_BS1_992_03_22_05.jpg,28,55
582,../../..//Data/Scenario5/development_dataset/unit1/camera_data/image_BS1_5359_03_31_23.jpg,13,26
127,../../..//Data/Scenario5/development_dataset/unit1/camera_data/image_BS1_7819_03_36_39.jpg,6,11
479,../../..//Data/Scenario5/development_dataset/unit1/camera_data/image_BS1_9907_03_41_10.jpg,9,17
986,../../..//Data/Scenario5/development_dataset/unit1/camera_data/image_BS1_3642_03_27_44.jpg,15,30
590,../../..//Data/Scenario5/development_dataset/unit1/camera_data/image_BS1_5948_03_32_39.jpg,26,52
867,../../..//Data/Scenario5/development_dataset/unit1/camera_data/image_BS1_2871_03_26_05.jpg,9,17
1570,../../..//Data/Scenario5/development_dataset/unit1/camera_data/image_BS1_5907_03_32_34.jpg,8,14
944,../../..//Data/Scenario5/development_dataset/unit1/camera_data/image_BS1_8059_03_37_10.jpg,28,54
594,../../..//Data/Scenario5/development_dataset/unit1/camera_data/image_BS1_9534_03_40_22.jpg,26,51
1349,../../..//Data/Scenario5/development_dataset/unit1/camera_data/image_BS1_5396_03_31_28.jpg,29,58
349,../../..//Data/Scenario5/development_dataset/unit1/camera_data/image_BS1_2023_03_24_17.jpg,11,21
1529,../../..//Data/Scenario5/development_dataset/unit1/camera_data/image_BS1_6859_03_34_36.jpg,2,4
623,../../..//Data/Scenario5/development_dataset/unit1/camera_data/image_BS1_1054_03_22_13.jpg,7,14
91,../../..//Data/Scenario5/development_dataset/unit1/camera_data/image_BS1_609_03_21_16.jpg,10,19
792,../../..//Data/Scenario5/development_dataset/unit1/camera_data/image_BS1_6539_03_33_55.jpg,25,49
952,../../..//Data/Scenario5/development_dataset/unit1/camera_data/image_BS1_4097_03_28_42.jpg,20,39
963,../../..//Data/Scenario5/development_dataset/unit1/camera_data/image_BS1_9901_03_41_09.jpg,12,23
263,../../..//Data/Scenario5/development_dataset/unit1/camera_data/image_BS1_9850_03_41_03.jpg,28,55
896,../../..//Data/Scenario5/development_dataset/unit1/camera_data/image_BS1_4316_03_29_10.jpg,3,6
1403,../../..//Data/Scenario5/development_dataset/unit1/camera_data/image_BS1_8573_03_38_16.jpg,2,2
1216,../../..//Data/Scenario5/development_dataset/unit1/camera_data/image_BS1_569_03_21_10.jpg,2,2
734,../../..//Data/Scenario5/development_dataset/unit1/camera_data/image_BS1_1002_03_22_06.jpg,25,49
149,../../..//Data/Scenario5/development_dataset/unit1/camera_data/image_BS1_5350_03_31_22.jpg,9,17
337,../../..//Data/Scenario5/development_dataset/unit1/camera_data/image_BS1_4327_03_29_11.jpg,8,14
1208,../../..//Data/Scenario5/development_dataset/unit1/camera_data/image_BS1_9861_03_41_04.jpg,27,52
391,../../..//Data/Scenario5/development_dataset/unit1/camera_data/image_BS1_624_03_21_18.jpg,13,26
1554,../../..//Data/Scenario5/development_dataset/unit1/camera_data/image_BS1_6225_03_33_14.jpg,30,59
79,../../..//Data/Scenario5/development_dataset/unit1/camera_data/image_BS1_2886_03_26_07.jpg,2,3
749,../../..//Data/Scenario5/development_dataset/unit1/camera_data/image_BS1_4092_03_28_41.jpg,23,44
528,../../..//Data/Scenario5/development_dataset/unit1/camera_data/image_BS1_1028_03_22_10.jpg,17,34
951,../../..//Data/Scenario5/development_dataset/unit1/camera_data/image_BS1_7843_03_36_42.jpg,19,37
536,../../..//Data/Scenario5/development_dataset/unit1/camera_data/image_BS1_3648_03_27_44.jpg,12,23
1436,../../..//Data/Scenario5/development_dataset/unit1/camera_data/image_BS1_6852_03_34_35.jpg,4,8
36,../../..//Data/Scenario5/development_dataset/unit1/camera_data/image_BS1_2049_03_24_20.jpg,27,53
564,../../..//Data/Scenario5/development_dataset/unit1/camera_data/image_BS1_6492_03_33_49.jpg,11,22
694,../../..//Data/Scenario5/development_dataset/unit1/camera_data/image_BS1_8128_03_37_19.jpg,2,2
1516,../../..//Data/Scenario5/development_dataset/unit1/camera_data/image_BS1_4110_03_28_43.jpg,13,26
574,../../..//Data/Scenario5/development_dataset/unit1/camera_data/image_BS1_4371_03_29_17.jpg,28,55
324,../../..//Data/Scenario5/development_dataset/unit1/camera_data/image_BS1_4310_03_29_09.jpg,2,2
1127,../../..//Data/Scenario5/development_dataset/unit1/camera_data/image_BS1_664_03_21_23.jpg,25,49
7,../../..//Data/Scenario5/development_dataset/unit1/camera_data/image_BS1_6261_03_33_19.jpg,15,28
936,../../..//Data/Scenario5/development_dataset/unit1/camera_data/image_BS1_673_03_21_24.jpg,28,55
453,../../..//Data/Scenario5/development_dataset/unit1/camera_data/image_BS1_8089_03_37_14.jpg,19,37
575,../../..//Data/Scenario5/development_dataset/unit1/camera_data/image_BS1_4132_03_28_46.jpg,4,7
1369,../../..//Data/Scenario5/development_dataset/unit1/camera_data/image_BS1_6556_03_33_57.jpg,29,57
217,../../..//Data/Scenario5/development_dataset/unit1/camera_data/image_BS1_590_03_21_13.jpg,6,11
1330,../../..//Data/Scenario5/development_dataset/unit1/camera_data/image_BS1_4136_03_28_47.jpg,2,4
396,../../..//Data/Scenario5/development_dataset/unit1/camera_data/image_BS1_6475_03_33_47.jpg,5,9
813,../../..//Data/Scenario5/development_dataset/unit1/camera_data/image_BS1_2508_03_25_19.jpg,2,4
504,../../..//Data/Scenario5/development_dataset/unit1/camera_data/image_BS1_5902_03_32_33.jpg,6,11
384,../../..//Data/Scenario5/development_dataset/unit1/camera_data/image_BS1_7855_03_36_44.jpg,24,47
311,../../..//Data/Scenario5/development_dataset/unit1/camera_data/image_BS1_4134_03_28_46.jpg,2,2
572,../../..//Data/Scenario5/development_dataset/unit1/camera_data/image_BS1_6509_03_33_51.jpg,17,32
521,../../..//Data/Scenario5/development_dataset/unit1/camera_data/image_BS1_6842_03_34_34.jpg,11,21
641,../../..//Data/Scenario5/development_dataset/unit1/camera_data/image_BS1_8636_03_38_25.jpg,29,57
1243,../../..//Data/Scenario5/development_dataset/unit1/camera_data/image_BS1_1018_03_22_08.jpg,20,39
206,../../..//Data/Scenario5/development_dataset/unit1/camera_data/image_BS1_4352_03_29_14.jpg,20,39
899,../../..//Data/Scenario5/development_dataset/unit1/camera_data/image_BS1_2045_03_24_20.jpg,25,48
1174,../../..//Data/Scenario5/development_dataset/unit1/camera_data/image_BS1_2058_03_24_21.jpg,31,62
1198,../../..//Data/Scenario5/development_dataset/unit1/camera_data/image_BS1_679_03_21_24.jpg,30,58
547,../../..//Data/Scenario5/development_dataset/unit1/camera_data/image_BS1_2571_03_25_27.jpg,15,29
680,../../..//Data/Scenario5/development_dataset/unit1/camera_data/image_BS1_9476_03_40_14.jpg,6,11
852,../../..//Data/Scenario5/development_dataset/unit1/camera_data/image_BS1_657_03_21_22.jpg,23,44
316,../../..//Data/Scenario5/development_dataset/unit1/camera_data/image_BS1_3620_03_27_41.jpg,24,48
764,../../..//Data/Scenario5/development_dataset/unit1/camera_data/image_BS1_2522_03_25_21.jpg,4,7
1386,../../..//Data/Scenario5/development_dataset/unit1/camera_data/image_BS1_9316_03_39_54.jpg,2,4
1202,../../..//Data/Scenario5/development_dataset/unit1/camera_data/image_BS1_6809_03_34_29.jpg,26,52
1210,../../..//Data/Scenario5/development_dataset/unit1/camera_data/image_BS1_5351_03_31_22.jpg,9,17
1172,../../..//Data/Scenario5/development_dataset/unit1/camera_data/image_BS1_5921_03_32_35.jpg,14,27
825,../../..//Data/Scenario5/development_dataset/unit1/camera_data/image_BS1_6292_03_33_23.jpg,2,6
1339,../../..//Data/Scenario5/development_dataset/unit1/camera_data/image_BS1_1013_03_22_08.jpg,22,44
861,../../..//Data/Scenario5/development_dataset/unit1/camera_data/image_BS1_6801_03_34_28.jpg,29,57
920,../../..//Data/Scenario5/development_dataset/unit1/camera_data/image_BS1_7840_03_36_42.jpg,16,32
1247,../../..//Data/Scenario5/development_dataset/unit1/camera_data/image_BS1_2532_03_25_22.jpg,7,14
189,../../..//Data/Scenario5/development_dataset/unit1/camera_data/image_BS1_2828_03_26_00.jpg,23,45
190,../../..//Data/Scenario5/development_dataset/unit1/camera_data/image_BS1_4072_03_28_38.jpg,29,57
243,../../..//Data/Scenario5/development_dataset/unit1/camera_data/image_BS1_1266_03_22_40.jpg,6,11
1405,../../..//Data/Scenario5/development_dataset/unit1/camera_data/image_BS1_9852_03_41_03.jpg,29,57
499,../../..//Data/Scenario5/development_dataset/unit1/camera_data/image_BS1_6845_03_34_34.jpg,9,17
42,../../..//Data/Scenario5/development_dataset/unit1/camera_data/image_BS1_2891_03_26_08.jpg,2,2
835,../../..//Data/Scenario5/development_dataset/unit1/camera_data/image_BS1_9519_03_40_20.jpg,20,40
100,../../..//Data/Scenario5/development_dataset/unit1/camera_data/image_BS1_6223_03_33_14.jpg,29,57
921,../../..//Data/Scenario5/development_dataset/unit1/camera_data/image_BS1_1058_03_22_13.jpg,6,11
1370,../../..//Data/Scenario5/development_dataset/unit1/camera_data/image_BS1_6500_03_33_50.jpg,14,26
485,../../..//Data/Scenario5/development_dataset/unit1/camera_data/image_BS1_9286_03_39_50.jpg,17,33
251,../../..//Data/Scenario5/development_dataset/unit1/camera_data/image_BS1_6276_03_33_21.jpg,9,16
437,../../..//Data/Scenario5/development_dataset/unit1/camera_data/image_BS1_6504_03_33_50.jpg,15,29
77,../../..//Data/Scenario5/development_dataset/unit1/camera_data/image_BS1_672_03_21_24.jpg,28,54
1345,../../..//Data/Scenario5/development_dataset/unit1/camera_data/image_BS1_4325_03_29_11.jpg,7,12
517,../../..//Data/Scenario5/development_dataset/unit1/camera_data/image_BS1_9863_03_41_04.jpg,26,52
1277,../../..//Data/Scenario5/development_dataset/unit1/camera_data/image_BS1_4099_03_28_42.jpg,20,39
1011,../../..//Data/Scenario5/development_dataset/unit1/camera_data/image_BS1_6502_03_33_50.jpg,15,29
855,../../..//Data/Scenario5/development_dataset/unit1/camera_data/image_BS1_7867_03_36_45.jpg,28,55
440,../../..//Data/Scenario5/development_dataset/unit1/camera_data/image_BS1_2598_03_25_30.jpg,22,43
420,../../..//Data/Scenario5/development_dataset/unit1/camera_data/image_BS1_9906_03_41_10.jpg,10,19
1101,../../..//Data/Scenario5/development_dataset/unit1/camera_data/image_BS1_9510_03_40_19.jpg,17,34
1180,../../..//Data/Scenario5/development_dataset/unit1/camera_data/image_BS1_1261_03_22_40.jpg,4,6
1014,../../..//Data/Scenario5/development_dataset/unit1/camera_data/image_BS1_2839_03_26_01.jpg,19,37
831,../../..//Data/Scenario5/development_dataset/unit1/camera_data/image_BS1_9504_03_40_18.jpg,15,29
1105,../../..//Data/Scenario5/development_dataset/unit1/camera_data/image_BS1_1322_03_22_47.jpg,30,60
1245,../../..//Data/Scenario5/development_dataset/unit1/camera_data/image_BS1_1320_03_22_47.jpg,30,60
201,../../..//Data/Scenario5/development_dataset/unit1/camera_data/image_BS1_3654_03_27_45.jpg,10,19
350,../../..//Data/Scenario5/development_dataset/unit1/camera_data/image_BS1_6829_03_34_32.jpg,19,36
954,../../..//Data/Scenario5/development_dataset/unit1/camera_data/image_BS1_4380_03_29_18.jpg,30,60
1310,../../..//Data/Scenario5/development_dataset/unit1/camera_data/image_BS1_659_03_21_22.jpg,24,48
684,../../..//Data/Scenario5/development_dataset/unit1/camera_data/image_BS1_6848_03_34_34.jpg,7,14
1090,../../..//Data/Scenario5/development_dataset/unit1/camera_data/image_BS1_1001_03_22_06.jpg,26,52
1088,../../..//Data/Scenario5/development_dataset/unit1/camera_data/image_BS1_2868_03_26_05.jpg,10,20
698,../../..//Data/Scenario5/development_dataset/unit1/camera_data/image_BS1_593_03_21_14.jpg,7,13
1282,../../..//Data/Scenario5/development_dataset/unit1/camera_data/image_BS1_658_03_21_22.jpg,23,44
356,../../..//Data/Scenario5/development_dataset/unit1/camera_data/image_BS1_9883_03_41_07.jpg,20,39
755,../../..//Data/Scenario5/development_dataset/unit1/camera_data/image_BS1_4119_03_28_45.jpg,9,17
494,../../..//Data/Scenario5/development_dataset/unit1/camera_data/image_BS1_6553_03_33_56.jpg,28,55
181,../../..//Data/Scenario5/development_dataset/unit1/camera_data/image_BS1_5395_03_31_28.jpg,30,59
245,../../..//Data/Scenario5/development_dataset/unit1/camera_data/image_BS1_6248_03_33_17.jpg,20,42
895,../../..//Data/Scenario5/development_dataset/unit1/camera_data/image_BS1_6814_03_34_30.jpg,25,49
275,../../..//Data/Scenario5/development_dataset/unit1/camera_data/image_BS1_9318_03_39_54.jpg,3,2
864,../../..//Data/Scenario5/development_dataset/unit1/camera_data/image_BS1_1292_03_22_44.jpg,17,34
393,../../..//Data/Scenario5/development_dataset/unit1/camera_data/image_BS1_9873_03_41_06.jpg,24,46
221,../../..//Data/Scenario5/development_dataset/unit1/camera_data/image_BS1_1291_03_22_43.jpg,17,34
235,../../..//Data/Scenario5/development_dataset/unit1/camera_data/image_BS1_1285_03_22_43.jpg,14,27
35,../../..//Data/Scenario5/development_dataset/unit1/camera_data/image_BS1_5916_03_32_35.jpg,12,22
86,../../..//Data/Scenario5/development_dataset/unit1/camera_data/image_BS1_2843_03_26_02.jpg,18,34
157,../../..//Data/Scenario5/development_dataset/unit1/camera_data/image_BS1_7872_03_36_46.jpg,30,60
960,../../..//Data/Scenario5/development_dataset/unit1/camera_data/image_BS1_5912_03_32_34.jpg,10,20
817,../../..//Data/Scenario5/development_dataset/unit1/camera_data/image_BS1_6293_03_33_23.jpg,2,4
1082,../../..//Data/Scenario5/development_dataset/unit1/camera_data/image_BS1_622_03_21_17.jpg,12,24
364,../../..//Data/Scenario5/development_dataset/unit1/camera_data/image_BS1_2509_03_25_19.jpg,2,3
714,../../..//Data/Scenario5/development_dataset/unit1/camera_data/image_BS1_9868_03_41_05.jpg,25,49
1250,../../..//Data/Scenario5/development_dataset/unit1/camera_data/image_BS1_2519_03_25_20.jpg,4,7
381,../../..//Data/Scenario5/development_dataset/unit1/camera_data/image_BS1_9462_03_40_13.jpg,8,4
1439,../../..//Data/Scenario5/development_dataset/unit1/camera_data/image_BS1_3624_03_27_41.jpg,23,45
1044,../../..//Data/Scenario5/development_dataset/unit1/camera_data/image_BS1_8060_03_37_10.jpg,28,55
510,../../..//Data/Scenario5/development_dataset/unit1/camera_data/image_BS1_2514_03_25_20.jpg,2,3
68,../../..//Data/Scenario5/development_dataset/unit1/camera_data/image_BS1_997_03_22_06.jpg,26,54
1410,../../..//Data/Scenario5/development_dataset/unit1/camera_data/image_BS1_5368_03_31_25.jpg,17,34
1284,../../..//Data/Scenario5/development_dataset/unit1/camera_data/image_BS1_9484_03_40_15.jpg,8,14
1028,../../..//Data/Scenario5/development_dataset/unit1/camera_data/image_BS1_3663_03_27_46.jpg,7,13
1227,../../..//Data/Scenario5/development_dataset/unit1/camera_data/image_BS1_2517_03_25_20.jpg,4,6
689,../../..//Data/Scenario5/development_dataset/unit1/camera_data/image_BS1_2880_03_26_06.jpg,5,9
472,../../..//Data/Scenario5/development_dataset/unit1/camera_data/image_BS1_9853_03_41_03.jpg,28,55
946,../../..//Data/Scenario5/development_dataset/unit1/camera_data/image_BS1_6835_03_34_33.jpg,15,28
394,../../..//Data/Scenario5/development_dataset/unit1/camera_data/image_BS1_4087_03_28_40.jpg,25,49
1440,../../..//Data/Scenario5/development_dataset/unit1/camera_data/image_BS1_2867_03_26_05.jpg,11,21
1366,../../..//Data/Scenario5/development_dataset/unit1/camera_data/image_BS1_2505_03_25_18.jpg,2,2
1315,../../..//Data/Scenario5/development_dataset/unit1/camera_data/image_BS1_5391_03_31_28.jpg,28,55
348,../../..//Data/Scenario5/development_dataset/unit1/camera_data/image_BS1_8112_03_37_16.jpg,8,14
900,../../..//Data/Scenario5/development_dataset/unit1/camera_data/image_BS1_8629_03_38_24.jpg,25,49
330,../../..//Data/Scenario5/development_dataset/unit1/camera_data/image_BS1_3617_03_27_41.jpg,25,48
135,../../..//Data/Scenario5/development_dataset/unit1/camera_data/image_BS1_3646_03_27_44.jpg,14,27
892,../../..//Data/Scenario5/development_dataset/unit1/camera_data/image_BS1_2019_03_24_16.jpg,9,17
10,../../..//Data/Scenario5/development_dataset/unit1/camera_data/image_BS1_1312_03_22_46.jpg,27,53
1045,../../..//Data/Scenario5/development_dataset/unit1/camera_data/image_BS1_655_03_21_21.jpg,22,43
949,../../..//Data/Scenario5/development_dataset/unit1/camera_data/image_BS1_8591_03_38_19.jpg,9,17
11,../../..//Data/Scenario5/development_dataset/unit1/camera_data/image_BS1_7854_03_36_43.jpg,24,47
719,../../..//Data/Scenario5/development_dataset/unit1/camera_data/image_BS1_2630_03_25_34.jpg,31,62
1308,../../..//Data/Scenario5/development_dataset/unit1/camera_data/image_BS1_3661_03_27_46.jpg,6,11
1013,../../..//Data/Scenario5/development_dataset/unit1/camera_data/image_BS1_8109_03_37_16.jpg,9,17
762,../../..//Data/Scenario5/development_dataset/unit1/camera_data/image_BS1_1034_03_22_10.jpg,15,29
285,../../..//Data/Scenario5/development_dataset/unit1/camera_data/image_BS1_5899_03_32_33.jpg,5,9
767,../../..//Data/Scenario5/development_dataset/unit1/camera_data/image_BS1_7833_03_36_41.jpg,12,23
617,../../..//Data/Scenario5/development_dataset/unit1/camera_data/image_BS1_6818_03_34_30.jpg,24,46
371,../../..//Data/Scenario5/development_dataset/unit1/camera_data/image_BS1_6288_03_33_23.jpg,3,6
1149,../../..//Data/Scenario5/development_dataset/unit1/camera_data/image_BS1_5346_03_31_22.jpg,7,13
834,../../..//Data/Scenario5/development_dataset/unit1/camera_data/image_BS1_678_03_21_24.jpg,29,57
1275,../../..//Data/Scenario5/development_dataset/unit1/camera_data/image_BS1_686_03_21_25.jpg,31,61
126,../../..//Data/Scenario5/development_dataset/unit1/camera_data/image_BS1_6242_03_33_17.jpg,24,48
408,../../..//Data/Scenario5/development_dataset/unit1/camera_data/image_BS1_6507_03_33_51.jpg,16,31
1261,../../..//Data/Scenario5/development_dataset/unit1/camera_data/image_BS1_9298_03_39_51.jpg,11,20
1340,../../..//Data/Scenario5/development_dataset/unit1/camera_data/image_BS1_6800_03_34_28.jpg,30,59
1417,../../..//Data/Scenario5/development_dataset/unit1/camera_data/image_BS1_3652_03_27_45.jpg,11,21
542,../../..//Data/Scenario5/development_dataset/unit1/camera_data/image_BS1_7811_03_36_38.jpg,2,3
140,../../..//Data/Scenario5/development_dataset/unit1/camera_data/image_BS1_2560_03_25_25.jpg,13,26
261,../../..//Data/Scenario5/development_dataset/unit1/camera_data/image_BS1_2037_03_24_19.jpg,20,39
474,../../..//Data/Scenario5/development_dataset/unit1/camera_data/image_BS1_2878_03_26_06.jpg,6,11
166,../../..//Data/Scenario5/development_dataset/unit1/camera_data/image_BS1_683_03_21_25.jpg,30,59
227,../../..//Data/Scenario5/development_dataset/unit1/camera_data/image_BS1_4340_03_29_13.jpg,14,27
1242,../../..//Data/Scenario5/development_dataset/unit1/camera_data/image_BS1_9913_03_41_11.jpg,6,14
192,../../..//Data/Scenario5/development_dataset/unit1/camera_data/image_BS1_5956_03_32_40.jpg,29,57
307,../../..//Data/Scenario5/development_dataset/unit1/camera_data/image_BS1_2524_03_25_21.jpg,5,8
706,../../..//Data/Scenario5/development_dataset/unit1/camera_data/image_BS1_6229_03_33_15.jpg,28,55
1205,../../..//Data/Scenario5/development_dataset/unit1/camera_data/image_BS1_8632_03_38_24.jpg,27,54
1384,../../..//Data/Scenario5/development_dataset/unit1/camera_data/image_BS1_1269_03_22_41.jpg,7,13
483,../../..//Data/Scenario5/development_dataset/unit1/camera_data/image_BS1_1041_03_22_11.jpg,12,22
1273,../../..//Data/Scenario5/development_dataset/unit1/camera_data/image_BS1_8094_03_37_14.jpg,17,33
846,../../..//Data/Scenario5/development_dataset/unit1/camera_data/image_BS1_9265_03_39_47.jpg,28,55
1238,../../..//Data/Scenario5/development_dataset/unit1/camera_data/image_BS1_4314_03_29_09.jpg,2,4
321,../../..//Data/Scenario5/development_dataset/unit1/camera_data/image_BS1_2538_03_25_23.jpg,9,17
1257,../../..//Data/Scenario5/development_dataset/unit1/camera_data/image_BS1_9474_03_40_14.jpg,5,9
1358,../../..//Data/Scenario5/development_dataset/unit1/camera_data/image_BS1_1004_03_22_07.jpg,25,48
18,../../..//Data/Scenario5/development_dataset/unit1/camera_data/image_BS1_2600_03_25_30.jpg,23,44
686,../../..//Data/Scenario5/development_dataset/unit1/camera_data/image_BS1_3621_03_27_41.jpg,24,48
431,../../..//Data/Scenario5/development_dataset/unit1/camera_data/image_BS1_8609_03_38_21.jpg,17,32
1544,../../..//Data/Scenario5/development_dataset/unit1/camera_data/image_BS1_8058_03_37_10.jpg,28,55
1332,../../..//Data/Scenario5/development_dataset/unit1/camera_data/image_BS1_5933_03_32_37.jpg,20,39
1395,../../..//Data/Scenario5/development_dataset/unit1/camera_data/image_BS1_2013_03_24_16.jpg,5,9
1016,../../..//Data/Scenario5/development_dataset/unit1/camera_data/image_BS1_2616_03_25_33.jpg,28,54
1582,../../..//Data/Scenario5/development_dataset/unit1/camera_data/image_BS1_989_03_22_05.jpg,29,57
208,../../..//Data/Scenario5/development_dataset/unit1/camera_data/image_BS1_3601_03_27_39.jpg,30,59
238,../../..//Data/Scenario5/development_dataset/unit1/camera_data/image_BS1_6258_03_33_19.jpg,17,33
988,../../..//Data/Scenario5/development_dataset/unit1/camera_data/image_BS1_606_03_21_15.jpg,9,17
346,../../..//Data/Scenario5/development_dataset/unit1/camera_data/image_BS1_9295_03_39_51.jpg,12,22
1072,../../..//Data/Scenario5/development_dataset/unit1/camera_data/image_BS1_3638_03_27_43.jpg,17,34
822,../../..//Data/Scenario5/development_dataset/unit1/camera_data/image_BS1_677_03_21_24.jpg,28,55
341,../../..//Data/Scenario5/development_dataset/unit1/camera_data/image_BS1_984_03_22_04.jpg,30,59
775,../../..//Data/Scenario5/development_dataset/unit1/camera_data/image_BS1_6825_03_34_31.jpg,20,39
458,../../..//Data/Scenario5/development_dataset/unit1/camera_data/image_BS1_6260_03_33_19.jpg,17,33
176,../../..//Data/Scenario5/development_dataset/unit1/camera_data/image_BS1_9309_03_39_53.jpg,6,11
550,../../..//Data/Scenario5/development_dataset/unit1/camera_data/image_BS1_6478_03_33_47.jpg,6,11
301,../../..//Data/Scenario5/development_dataset/unit1/camera_data/image_BS1_9533_03_40_22.jpg,26,51
460,../../..//Data/Scenario5/development_dataset/unit1/camera_data/image_BS1_6524_03_33_53.jpg,20,39
790,../../..//Data/Scenario5/development_dataset/unit1/camera_data/image_BS1_581_03_21_12.jpg,4,6
708,../../..//Data/Scenario5/development_dataset/unit1/camera_data/image_BS1_2854_03_26_03.jpg,14,27
1359,../../..//Data/Scenario5/development_dataset/unit1/camera_data/image_BS1_2556_03_25_25.jpg,12,23
794,../../..//Data/Scenario5/development_dataset/unit1/camera_data/image_BS1_567_03_21_10.jpg,2,2
808,../../..//Data/Scenario5/development_dataset/unit1/camera_data/image_BS1_6283_03_33_22.jpg,6,11
704,../../..//Data/Scenario5/development_dataset/unit1/camera_data/image_BS1_7815_03_36_38.jpg,4,7
765,../../..//Data/Scenario5/development_dataset/unit1/camera_data/image_BS1_1069_03_22_15.jpg,2,2
1246,../../..//Data/Scenario5/development_dataset/unit1/camera_data/image_BS1_6466_03_33_45.jpg,2,2
464,../../..//Data/Scenario5/development_dataset/unit1/camera_data/image_BS1_5890_03_32_31.jpg,2,4
1356,../../..//Data/Scenario5/development_dataset/unit1/camera_data/image_BS1_8610_03_38_21.jpg,17,34
327,../../..//Data/Scenario5/development_dataset/unit1/camera_data/image_BS1_9292_03_39_51.jpg,13,26
1232,../../..//Data/Scenario5/development_dataset/unit1/camera_data/image_BS1_9877_03_41_06.jpg,22,43
1421,../../..//Data/Scenario5/development_dataset/unit1/camera_data/image_BS1_5945_03_32_38.jpg,25,49
747,../../..//Data/Scenario5/development_dataset/unit1/camera_data/image_BS1_2042_03_24_19.jpg,23,45
1563,../../..//Data/Scenario5/development_dataset/unit1/camera_data/image_BS1_3665_03_27_47.jpg,4,8
60,../../..//Data/Scenario5/development_dataset/unit1/camera_data/image_BS1_6237_03_33_16.jpg,26,52
14,../../..//Data/Scenario5/development_dataset/unit1/camera_data/image_BS1_4322_03_29_10.jpg,6,10
1576,../../..//Data/Scenario5/development_dataset/unit1/camera_data/image_BS1_8090_03_37_14.jpg,18,35
1542,../../..//Data/Scenario5/development_dataset/unit1/camera_data/image_BS1_6268_03_33_20.jpg,12,22
1398,../../..//Data/Scenario5/development_dataset/unit1/camera_data/image_BS1_6262_03_33_19.jpg,15,28
524,../../..//Data/Scenario5/development_dataset/unit1/camera_data/image_BS1_607_03_21_15.jpg,10,19
881,../../..//Data/Scenario5/development_dataset/unit1/camera_data/image_BS1_9878_03_41_06.jpg,22,43
27,../../..//Data/Scenario5/development_dataset/unit1/camera_data/image_BS1_9274_03_39_48.jpg,24,47
1079,../../..//Data/Scenario5/development_dataset/unit1/camera_data/image_BS1_8602_03_38_20.jpg,14,26
604,../../..//Data/Scenario5/development_dataset/unit1/camera_data/image_BS1_5331_03_31_20.jpg,2,2
323,../../..//Data/Scenario5/development_dataset/unit1/camera_data/image_BS1_3613_03_27_40.jpg,26,51
869,../../..//Data/Scenario5/development_dataset/unit1/camera_data/image_BS1_6218_03_33_14.jpg,30,60
985,../../..//Data/Scenario5/development_dataset/unit1/camera_data/image_BS1_6280_03_33_21.jpg,7,13
442,../../..//Data/Scenario5/development_dataset/unit1/camera_data/image_BS1_653_03_21_21.jpg,21,42
1532,../../..//Data/Scenario5/development_dataset/unit1/camera_data/image_BS1_1313_03_22_46.jpg,28,55
956,../../..//Data/Scenario5/development_dataset/unit1/camera_data/image_BS1_9311_03_39_53.jpg,4,7
555,../../..//Data/Scenario5/development_dataset/unit1/camera_data/image_BS1_9475_03_40_14.jpg,5,8
257,../../..//Data/Scenario5/development_dataset/unit1/camera_data/image_BS1_1047_03_22_12.jpg,9,17
561,../../..//Data/Scenario5/development_dataset/unit1/camera_data/image_BS1_4354_03_29_15.jpg,22,43
1091,../../..//Data/Scenario5/development_dataset/unit1/camera_data/image_BS1_6275_03_33_21.jpg,9,17
1116,../../..//Data/Scenario5/development_dataset/unit1/camera_data/image_BS1_663_03_21_22.jpg,25,48
1110,../../..//Data/Scenario5/development_dataset/unit1/camera_data/image_BS1_7812_03_36_38.jpg,3,6
73,../../..//Data/Scenario5/development_dataset/unit1/camera_data/image_BS1_9914_03_41_11.jpg,7,13
258,../../..//Data/Scenario5/development_dataset/unit1/camera_data/image_BS1_6559_03_33_57.jpg,30,60
1056,../../..//Data/Scenario5/development_dataset/unit1/camera_data/image_BS1_6295_03_33_23.jpg,2,3
3,../../..//Data/Scenario5/development_dataset/unit1/camera_data/image_BS1_8579_03_38_17.jpg,2,4
1437,../../..//Data/Scenario5/development_dataset/unit1/camera_data/image_BS1_2842_03_26_01.jpg,18,34
1225,../../..//Data/Scenario5/development_dataset/unit1/camera_data/image_BS1_6863_03_34_36.jpg,8,2
681,../../..//Data/Scenario5/development_dataset/unit1/camera_data/image_BS1_7817_03_36_39.jpg,5,9
1393,../../..//Data/Scenario5/development_dataset/unit1/camera_data/image_BS1_1019_03_22_09.jpg,20,39
368,../../..//Data/Scenario5/development_dataset/unit1/camera_data/image_BS1_9293_03_39_51.jpg,12,23
695,../../..//Data/Scenario5/development_dataset/unit1/camera_data/image_BS1_9308_03_39_53.jpg,6,11
1187,../../..//Data/Scenario5/development_dataset/unit1/camera_data/image_BS1_2530_03_25_22.jpg,7,13
1046,../../..//Data/Scenario5/development_dataset/unit1/camera_data/image_BS1_676_03_21_24.jpg,28,55
480,../../..//Data/Scenario5/development_dataset/unit1/camera_data/image_BS1_1039_03_22_11.jpg,12,23
558,../../..//Data/Scenario5/development_dataset/unit1/camera_data/image_BS1_2565_03_25_26.jpg,14,27
962,../../..//Data/Scenario5/development_dataset/unit1/camera_data/image_BS1_612_03_21_16.jpg,11,21
1095,../../..//Data/Scenario5/development_dataset/unit1/camera_data/image_BS1_8092_03_37_14.jpg,17,34
586,../../..//Data/Scenario5/development_dataset/unit1/camera_data/image_BS1_6552_03_33_56.jpg,28,55
118,../../..//Data/Scenario5/development_dataset/unit1/camera_data/image_BS1_9264_03_39_47.jpg,30,59
1038,../../..//Data/Scenario5/development_dataset/unit1/camera_data/image_BS1_1009_03_22_07.jpg,23,46
683,../../..//Data/Scenario5/development_dataset/unit1/camera_data/image_BS1_2885_03_26_07.jpg,3,4
6,../../..//Data/Scenario5/development_dataset/unit1/camera_data/image_BS1_5901_03_32_33.jpg,6,11
1469,../../..//Data/Scenario5/development_dataset/unit1/camera_data/image_BS1_1033_03_22_10.jpg,15,29
467,../../..//Data/Scenario5/development_dataset/unit1/camera_data/image_BS1_8575_03_38_17.jpg,2,3
1214,../../..//Data/Scenario5/development_dataset/unit1/camera_data/image_BS1_9537_03_40_22.jpg,28,54
1058,../../..//Data/Scenario5/development_dataset/unit1/camera_data/image_BS1_639_03_21_19.jpg,17,34
768,../../..//Data/Scenario5/development_dataset/unit1/camera_data/image_BS1_4353_03_29_14.jpg,21,40
446,../../..//Data/Scenario5/development_dataset/unit1/camera_data/image_BS1_6476_03_33_47.jpg,6,11
137,../../..//Data/Scenario5/development_dataset/unit1/camera_data/image_BS1_1293_03_22_44.jpg,18,34
12,../../..//Data/Scenario5/development_dataset/unit1/camera_data/image_BS1_6517_03_33_52.jpg,19,37
1109,../../..//Data/Scenario5/development_dataset/unit1/camera_data/image_BS1_2559_03_25_25.jpg,12,26
333,../../..//Data/Scenario5/development_dataset/unit1/camera_data/image_BS1_4311_03_29_09.jpg,2,3
605,../../..//Data/Scenario5/development_dataset/unit1/camera_data/image_BS1_2837_03_26_01.jpg,20,39
569,../../..//Data/Scenario5/development_dataset/unit1/camera_data/image_BS1_4308_03_29_09.jpg,2,2
998,../../..//Data/Scenario5/development_dataset/unit1/camera_data/image_BS1_2819_03_25_58.jpg,27,52
1283,../../..//Data/Scenario5/development_dataset/unit1/camera_data/image_BS1_7842_03_36_42.jpg,18,34
1518,../../..//Data/Scenario5/development_dataset/unit1/camera_data/image_BS1_6528_03_33_53.jpg,22,42
55,../../..//Data/Scenario5/development_dataset/unit1/camera_data/image_BS1_1268_03_22_41.jpg,6,11
1061,../../..//Data/Scenario5/development_dataset/unit1/camera_data/image_BS1_8631_03_38_24.jpg,27,53
234,../../..//Data/Scenario5/development_dataset/unit1/camera_data/image_BS1_6470_03_33_46.jpg,2,4
85,../../..//Data/Scenario5/development_dataset/unit1/camera_data/image_BS1_7844_03_36_42.jpg,20,36
642,../../..//Data/Scenario5/development_dataset/unit1/camera_data/image_BS1_9288_03_39_50.jpg,15,29
993,../../..//Data/Scenario5/development_dataset/unit1/camera_data/image_BS1_2858_03_26_03.jpg,13,26
65,../../..//Data/Scenario5/development_dataset/unit1/camera_data/image_BS1_6243_03_33_17.jpg,23,45
1286,../../..//Data/Scenario5/development_dataset/unit1/camera_data/image_BS1_5373_03_31_25.jpg,20,39
842,../../..//Data/Scenario5/development_dataset/unit1/camera_data/image_BS1_9857_03_41_04.jpg,28,55
188,../../..//Data/Scenario5/development_dataset/unit1/camera_data/image_BS1_995_03_22_05.jpg,28,54
756,../../..//Data/Scenario5/development_dataset/unit1/camera_data/image_BS1_9277_03_39_49.jpg,22,42
1177,../../..//Data/Scenario5/development_dataset/unit1/camera_data/image_BS1_6551_03_33_56.jpg,28,55
152,../../..//Data/Scenario5/development_dataset/unit1/camera_data/image_BS1_6817_03_34_30.jpg,24,46
1211,../../..//Data/Scenario5/development_dataset/unit1/camera_data/image_BS1_2014_03_24_16.jpg,6,11
854,../../..//Data/Scenario5/development_dataset/unit1/camera_data/image_BS1_6840_03_34_33.jpg,12,22
389,../../..//Data/Scenario5/development_dataset/unit1/camera_data/image_BS1_5397_03_31_28.jpg,30,58
138,../../..//Data/Scenario5/development_dataset/unit1/camera_data/image_BS1_2623_03_25_33.jpg,30,58
732,../../..//Data/Scenario5/development_dataset/unit1/camera_data/image_BS1_1040_03_22_11.jpg,12,22
173,../../..//Data/Scenario5/development_dataset/unit1/camera_data/image_BS1_1062_03_22_14.jpg,4,6
862,../../..//Data/Scenario5/development_dataset/unit1/camera_data/image_BS1_4330_03_29_11.jpg,9,17
531,../../..//Data/Scenario5/development_dataset/unit1/camera_data/image_BS1_2861_03_26_04.jpg,12,23
1163,../../..//Data/Scenario5/development_dataset/unit1/camera_data/image_BS1_628_03_21_18.jpg,14,27
766,../../..//Data/Scenario5/development_dataset/unit1/camera_data/image_BS1_7841_03_36_42.jpg,17,34
456,../../..//Data/Scenario5/development_dataset/unit1/camera_data/image_BS1_8624_03_38_23.jpg,23,45
736,../../..//Data/Scenario5/development_dataset/unit1/camera_data/image_BS1_9540_03_40_23.jpg,29,57
1572,../../..//Data/Scenario5/development_dataset/unit1/camera_data/image_BS1_6489_03_33_48.jpg,10,19
1372,../../..//Data/Scenario5/development_dataset/unit1/camera_data/image_BS1_3607_03_27_39.jpg,28,55
595,../../..//Data/Scenario5/development_dataset/unit1/camera_data/image_BS1_2554_03_25_25.jpg,12,22
1080,../../..//Data/Scenario5/development_dataset/unit1/camera_data/image_BS1_7863_03_36_45.jpg,28,55
983,../../..//Data/Scenario5/development_dataset/unit1/camera_data/image_BS1_5889_03_32_31.jpg,2,3
375,../../..//Data/Scenario5/development_dataset/unit1/camera_data/image_BS1_8630_03_38_24.jpg,26,52
1434,../../..//Data/Scenario5/development_dataset/unit1/camera_data/image_BS1_5944_03_32_38.jpg,25,49
814,../../..//Data/Scenario5/development_dataset/unit1/camera_data/image_BS1_5904_03_32_33.jpg,7,13
710,../../..//Data/Scenario5/development_dataset/unit1/camera_data/image_BS1_9874_03_41_06.jpg,24,46
161,../../..//Data/Scenario5/development_dataset/unit1/camera_data/image_BS1_4356_03_29_15.jpg,22,43
1323,../../..//Data/Scenario5/development_dataset/unit1/camera_data/image_BS1_4363_03_29_16.jpg,25,48
51,../../..//Data/Scenario5/development_dataset/unit1/camera_data/image_BS1_2881_03_26_06.jpg,4,8
1212,../../..//Data/Scenario5/development_dataset/unit1/camera_data/image_BS1_8595_03_38_19.jpg,10,20
1118,../../..//Data/Scenario5/development_dataset/unit1/camera_data/image_BS1_9527_03_40_21.jpg,24,47
671,../../..//Data/Scenario5/development_dataset/unit1/camera_data/image_BS1_8596_03_38_19.jpg,11,21
33,../../..//Data/Scenario5/development_dataset/unit1/camera_data/image_BS1_6503_03_33_50.jpg,15,29
994,../../..//Data/Scenario5/development_dataset/unit1/camera_data/image_BS1_6481_03_33_47.jpg,7,13
239,../../..//Data/Scenario5/development_dataset/unit1/camera_data/image_BS1_8104_03_37_15.jpg,12,22
805,../../..//Data/Scenario5/development_dataset/unit1/camera_data/image_BS1_8050_03_37_09.jpg,30,58
355,../../..//Data/Scenario5/development_dataset/unit1/camera_data/image_BS1_9521_03_40_20.jpg,22,42
165,../../..//Data/Scenario5/development_dataset/unit1/camera_data/image_BS1_7871_03_36_46.jpg,30,59
487,../../..//Data/Scenario5/development_dataset/unit1/camera_data/image_BS1_6267_03_33_20.jpg,12,23
1314,../../..//Data/Scenario5/development_dataset/unit1/camera_data/image_BS1_2547_03_25_24.jpg,11,20
1054,../../..//Data/Scenario5/development_dataset/unit1/camera_data/image_BS1_2028_03_24_18.jpg,14,27
1217,../../..//Data/Scenario5/development_dataset/unit1/camera_data/image_BS1_2012_03_24_15.jpg,6,10
296,../../..//Data/Scenario5/development_dataset/unit1/camera_data/image_BS1_3659_03_27_46.jpg,7,14
1085,../../..//Data/Scenario5/development_dataset/unit1/camera_data/image_BS1_9884_03_41_07.jpg,20,39
475,../../..//Data/Scenario5/development_dataset/unit1/camera_data/image_BS1_3643_03_27_44.jpg,15,29
840,../../..//Data/Scenario5/development_dataset/unit1/camera_data/image_BS1_6224_03_33_14.jpg,30,59
473,../../..//Data/Scenario5/development_dataset/unit1/camera_data/image_BS1_565_03_21_10.jpg,2,2
1324,../../..//Data/Scenario5/development_dataset/unit1/camera_data/image_BS1_8617_03_38_22.jpg,20,39
1354,../../..//Data/Scenario5/development_dataset/unit1/camera_data/image_BS1_6550_03_33_56.jpg,28,55
820,../../..//Data/Scenario5/development_dataset/unit1/camera_data/image_BS1_566_03_21_10.jpg,2,2
1367,../../..//Data/Scenario5/development_dataset/unit1/camera_data/image_BS1_5378_03_31_26.jpg,23,45
98,../../..//Data/Scenario5/development_dataset/unit1/camera_data/image_BS1_6278_03_33_21.jpg,7,14
816,../../..//Data/Scenario5/development_dataset/unit1/camera_data/image_BS1_5927_03_32_36.jpg,17,34
1128,../../..//Data/Scenario5/development_dataset/unit1/camera_data/image_BS1_6516_03_33_52.jpg,19,37
577,../../..//Data/Scenario5/development_dataset/unit1/camera_data/image_BS1_8592_03_38_19.jpg,9,16
1154,../../..//Data/Scenario5/development_dataset/unit1/camera_data/image_BS1_6561_03_33_57.jpg,30,60
90,../../..//Data/Scenario5/development_dataset/unit1/camera_data/image_BS1_6545_03_33_55.jpg,26,52
721,../../..//Data/Scenario5/development_dataset/unit1/camera_data/image_BS1_2564_03_25_26.jpg,14,27
450,../../..//Data/Scenario5/development_dataset/unit1/camera_data/image_BS1_2833_03_26_00.jpg,21,42
551,../../..//Data/Scenario5/development_dataset/unit1/camera_data/image_BS1_4100_03_28_42.jpg,19,38
309,../../..//Data/Scenario5/development_dataset/unit1/camera_data/image_BS1_9908_03_41_10.jpg,9,18
1141,../../..//Data/Scenario5/development_dataset/unit1/camera_data/image_BS1_9512_03_40_19.jpg,18,34
903,../../..//Data/Scenario5/development_dataset/unit1/camera_data/image_BS1_6521_03_33_52.jpg,20,39
673,../../..//Data/Scenario5/development_dataset/unit1/camera_data/image_BS1_9869_03_41_05.jpg,25,49
1376,../../..//Data/Scenario5/development_dataset/unit1/camera_data/image_BS1_2561_03_25_26.jpg,14,26
434,../../..//Data/Scenario5/development_dataset/unit1/camera_data/image_BS1_2806_03_25_57.jpg,30,59
583,../../..//Data/Scenario5/development_dataset/unit1/camera_data/image_BS1_6477_03_33_47.jpg,6,11
1545,../../..//Data/Scenario5/development_dataset/unit1/camera_data/image_BS1_5962_03_32_41.jpg,30,60
1427,../../..//Data/Scenario5/development_dataset/unit1/camera_data/image_BS1_4105_03_28_43.jpg,17,32
1253,../../..//Data/Scenario5/development_dataset/unit1/camera_data/image_BS1_9272_03_39_48.jpg,25,48
932,../../..//Data/Scenario5/development_dataset/unit1/camera_data/image_BS1_6496_03_33_49.jpg,12,23
449,../../..//Data/Scenario5/development_dataset/unit1/camera_data/image_BS1_8593_03_38_19.jpg,9,17
1147,../../..//Data/Scenario5/development_dataset/unit1/camera_data/image_BS1_6831_03_34_32.jpg,17,32
568,../../..//Data/Scenario5/development_dataset/unit1/camera_data/image_BS1_7813_03_36_38.jpg,3,5
620,../../..//Data/Scenario5/development_dataset/unit1/camera_data/image_BS1_9494_03_40_17.jpg,11,21
1249,../../..//Data/Scenario5/development_dataset/unit1/camera_data/image_BS1_4381_03_29_18.jpg,31,61
493,../../..//Data/Scenario5/development_dataset/unit1/camera_data/image_BS1_2811_03_25_57.jpg,29,57
386,../../..//Data/Scenario5/development_dataset/unit1/camera_data/image_BS1_5886_03_32_31.jpg,2,2
742,../../..//Data/Scenario5/development_dataset/unit1/camera_data/image_BS1_3653_03_27_45.jpg,10,20
282,../../..//Data/Scenario5/development_dataset/unit1/camera_data/image_BS1_9894_03_41_08.jpg,15,29
746,../../..//Data/Scenario5/development_dataset/unit1/camera_data/image_BS1_2541_03_25_23.jpg,9,17
1291,../../..//Data/Scenario5/development_dataset/unit1/camera_data/image_BS1_1023_03_22_09.jpg,19,37
484,../../..//Data/Scenario5/development_dataset/unit1/camera_data/image_BS1_9524_03_40_21.jpg,23,45
1168,../../..//Data/Scenario5/development_dataset/unit1/camera_data/image_BS1_6511_03_33_51.jpg,17,34
283,../../..//Data/Scenario5/development_dataset/unit1/camera_data/image_BS1_8578_03_38_17.jpg,2,3
438,../../..//Data/Scenario5/development_dataset/unit1/camera_data/image_BS1_5348_03_31_22.jpg,8,14
923,../../..//Data/Scenario5/development_dataset/unit1/camera_data/image_BS1_5928_03_32_36.jpg,18,34
781,../../..//Data/Scenario5/development_dataset/unit1/camera_data/image_BS1_6279_03_33_21.jpg,7,13
549,../../..//Data/Scenario5/development_dataset/unit1/camera_data/image_BS1_6827_03_34_32.jpg,20,38
928,../../..//Data/Scenario5/development_dataset/unit1/camera_data/image_BS1_3637_03_27_43.jpg,18,34
1408,../../..//Data/Scenario5/development_dataset/unit1/camera_data/image_BS1_6490_03_33_48.jpg,11,20
783,../../..//Data/Scenario5/development_dataset/unit1/camera_data/image_BS1_5377_03_31_26.jpg,22,44
891,../../..//Data/Scenario5/development_dataset/unit1/camera_data/image_BS1_9469_03_40_13.jpg,4,6
1132,../../..//Data/Scenario5/development_dataset/unit1/camera_data/image_BS1_4089_03_28_41.jpg,24,47
1550,../../..//Data/Scenario5/development_dataset/unit1/camera_data/image_BS1_1015_03_22_08.jpg,20,39
973,../../..//Data/Scenario5/development_dataset/unit1/camera_data/image_BS1_9536_03_40_22.jpg,26,52
674,../../..//Data/Scenario5/development_dataset/unit1/camera_data/image_BS1_1025_03_22_09.jpg,19,34
1508,../../..//Data/Scenario5/development_dataset/unit1/camera_data/image_BS1_9470_03_40_14.jpg,4,7
687,../../..//Data/Scenario5/development_dataset/unit1/camera_data/image_BS1_6494_03_33_49.jpg,12,22
1397,../../..//Data/Scenario5/development_dataset/unit1/camera_data/image_BS1_4328_03_29_11.jpg,9,17
818,../../..//Data/Scenario5/development_dataset/unit1/camera_data/image_BS1_625_03_21_18.jpg,14,26
1497,../../..//Data/Scenario5/development_dataset/unit1/camera_data/image_BS1_2593_03_25_30.jpg,20,39
753,../../..//Data/Scenario5/development_dataset/unit1/camera_data/image_BS1_9523_03_40_20.jpg,22,44
122,../../..//Data/Scenario5/development_dataset/unit1/camera_data/image_BS1_8099_03_37_15.jpg,14,27
1251,../../..//Data/Scenario5/development_dataset/unit1/camera_data/image_BS1_2594_03_25_30.jpg,20,40
700,../../..//Data/Scenario5/development_dataset/unit1/camera_data/image_BS1_685_03_21_25.jpg,30,59
919,../../..//Data/Scenario5/development_dataset/unit1/camera_data/image_BS1_4086_03_28_40.jpg,25,49
922,../../..//Data/Scenario5/development_dataset/unit1/camera_data/image_BS1_9299_03_39_51.jpg,9,17
17,../../..//Data/Scenario5/development_dataset/unit1/camera_data/image_BS1_5920_03_32_35.jpg,14,27
1566,../../..//Data/Scenario5/development_dataset/unit1/camera_data/image_BS1_6525_03_33_53.jpg,22,42
779,../../..//Data/Scenario5/development_dataset/unit1/camera_data/image_BS1_631_03_21_18.jpg,15,29
930,../../..//Data/Scenario5/development_dataset/unit1/camera_data/image_BS1_9526_03_40_21.jpg,24,46
1413,../../..//Data/Scenario5/development_dataset/unit1/camera_data/image_BS1_597_03_21_14.jpg,7,14
856,../../..//Data/Scenario5/development_dataset/unit1/camera_data/image_BS1_5336_03_31_20.jpg,2,4
1084,../../..//Data/Scenario5/development_dataset/unit1/camera_data/image_BS1_668_03_21_23.jpg,26,52
1334,../../..//Data/Scenario5/development_dataset/unit1/camera_data/image_BS1_1308_03_22_46.jpg,25,50
294,../../..//Data/Scenario5/development_dataset/unit1/camera_data/image_BS1_6548_03_33_56.jpg,28,55
984,../../..//Data/Scenario5/development_dataset/unit1/camera_data/image_BS1_2544_03_25_23.jpg,10,19
40,../../..//Data/Scenario5/development_dataset/unit1/camera_data/image_BS1_7822_03_36_39.jpg,8,14
107,../../..//Data/Scenario5/development_dataset/unit1/camera_data/image_BS1_9890_03_41_08.jpg,17,33
727,../../..//Data/Scenario5/development_dataset/unit1/camera_data/image_BS1_8587_03_38_18.jpg,7,13
24,../../..//Data/Scenario5/development_dataset/unit1/camera_data/image_BS1_2877_03_26_06.jpg,6,10
711,../../..//Data/Scenario5/development_dataset/unit1/camera_data/image_BS1_582_03_21_12.jpg,4,7
70,../../..//Data/Scenario5/development_dataset/unit1/camera_data/image_BS1_6555_03_33_57.jpg,30,59
1573,../../..//Data/Scenario5/development_dataset/unit1/camera_data/image_BS1_1321_03_22_47.jpg,31,60
426,../../..//Data/Scenario5/development_dataset/unit1/camera_data/image_BS1_2609_03_25_32.jpg,26,52
1379,../../..//Data/Scenario5/development_dataset/unit1/camera_data/image_BS1_9281_03_39_49.jpg,19,37
1390,../../..//Data/Scenario5/development_dataset/unit1/camera_data/image_BS1_6290_03_33_23.jpg,3,6
104,../../..//Data/Scenario5/development_dataset/unit1/camera_data/image_BS1_8618_03_38_22.jpg,22,42
556,../../..//Data/Scenario5/development_dataset/unit1/camera_data/image_BS1_9915_03_41_11.jpg,6,11
1117,../../..//Data/Scenario5/development_dataset/unit1/camera_data/image_BS1_2832_03_26_00.jpg,22,43
1489,../../..//Data/Scenario5/development_dataset/unit1/camera_data/image_BS1_9892_03_41_08.jpg,16,30
888,../../..//Data/Scenario5/development_dataset/unit1/camera_data/image_BS1_1030_03_22_10.jpg,15,29
1167,../../..//Data/Scenario5/development_dataset/unit1/camera_data/image_BS1_5342_03_31_21.jpg,6,11
1027,../../..//Data/Scenario5/development_dataset/unit1/camera_data/image_BS1_1264_03_22_40.jpg,4,7
1481,../../..//Data/Scenario5/development_dataset/unit1/camera_data/image_BS1_2857_03_26_03.jpg,14,27
75,../../..//Data/Scenario5/development_dataset/unit1/camera_data/image_BS1_8056_03_37_09.jpg,28,55
508,../../..//Data/Scenario5/development_dataset/unit1/camera_data/image_BS1_6862_03_34_36.jpg,2,2
1429,../../..//Data/Scenario5/development_dataset/unit1/camera_data/image_BS1_636_03_21_19.jpg,17,32
219,../../..//Data/Scenario5/development_dataset/unit1/camera_data/image_BS1_5943_03_32_38.jpg,24,47
1396,../../..//Data/Scenario5/development_dataset/unit1/camera_data/image_BS1_9905_03_41_10.jpg,9,17
1131,../../..//Data/Scenario5/development_dataset/unit1/camera_data/image_BS1_5362_03_31_24.jpg,15,29
266,../../..//Data/Scenario5/development_dataset/unit1/camera_data/image_BS1_9514_03_40_19.jpg,19,37
1024,../../..//Data/Scenario5/development_dataset/unit1/camera_data/image_BS1_1271_03_22_41.jpg,7,13
943,../../..//Data/Scenario5/development_dataset/unit1/camera_data/image_BS1_4109_03_28_43.jpg,14,26
435,../../..//Data/Scenario5/development_dataset/unit1/camera_data/image_BS1_3655_03_27_45.jpg,9,17
111,../../..//Data/Scenario5/development_dataset/unit1/camera_data/image_BS1_6484_03_33_48.jpg,8,14
511,../../..//Data/Scenario5/development_dataset/unit1/camera_data/image_BS1_6531_03_33_54.jpg,23,45
889,../../..//Data/Scenario5/development_dataset/unit1/camera_data/image_BS1_5909_03_32_34.jpg,9,17
41,../../..//Data/Scenario5/development_dataset/unit1/camera_data/image_BS1_3599_03_27_38.jpg,30,59
505,../../..//Data/Scenario5/development_dataset/unit1/camera_data/image_BS1_1063_03_22_14.jpg,4,7
277,../../..//Data/Scenario5/development_dataset/unit1/camera_data/image_BS1_9528_03_40_21.jpg,25,48
810,../../..//Data/Scenario5/development_dataset/unit1/camera_data/image_BS1_9262_03_39_47.jpg,29,58
340,../../..//Data/Scenario5/development_dataset/unit1/camera_data/image_BS1_2592_03_25_29.jpg,20,39
1184,../../..//Data/Scenario5/development_dataset/unit1/camera_data/image_BS1_1300_03_22_45.jpg,20,39
1574,../../..//Data/Scenario5/development_dataset/unit1/camera_data/image_BS1_9517_03_40_20.jpg,20,39
926,../../..//Data/Scenario5/development_dataset/unit1/camera_data/image_BS1_1010_03_22_07.jpg,23,45
186,../../..//Data/Scenario5/development_dataset/unit1/camera_data/image_BS1_4350_03_29_14.jpg,20,39
799,../../..//Data/Scenario5/development_dataset/unit1/camera_data/image_BS1_2836_03_26_01.jpg,20,39
1143,../../..//Data/Scenario5/development_dataset/unit1/camera_data/image_BS1_3623_03_27_41.jpg,24,46
745,../../..//Data/Scenario5/development_dataset/unit1/camera_data/image_BS1_5372_03_31_25.jpg,20,39
571,../../..//Data/Scenario5/development_dataset/unit1/camera_data/image_BS1_634_03_21_19.jpg,15,29
1200,../../..//Data/Scenario5/development_dataset/unit1/camera_data/image_BS1_4082_03_28_40.jpg,28,55
724,../../..//Data/Scenario5/development_dataset/unit1/camera_data/image_BS1_8588_03_38_18.jpg,7,13
62,../../..//Data/Scenario5/development_dataset/unit1/camera_data/image_BS1_2539_03_25_23.jpg,9,17
1008,../../..//Data/Scenario5/development_dataset/unit1/camera_data/image_BS1_8616_03_38_22.jpg,20,39
579,../../..//Data/Scenario5/development_dataset/unit1/camera_data/image_BS1_8580_03_38_17.jpg,3,6
798,../../..//Data/Scenario5/development_dataset/unit1/camera_data/image_BS1_6498_03_33_49.jpg,13,26
656,../../..//Data/Scenario5/development_dataset/unit1/camera_data/image_BS1_2549_03_25_24.jpg,11,21
1126,../../..//Data/Scenario5/development_dataset/unit1/camera_data/image_BS1_1262_03_22_40.jpg,4,6
388,../../..//Data/Scenario5/development_dataset/unit1/camera_data/image_BS1_6843_03_34_34.jpg,10,19
128,../../..//Data/Scenario5/development_dataset/unit1/camera_data/image_BS1_1270_03_22_41.jpg,7,13
1423,../../..//Data/Scenario5/development_dataset/unit1/camera_data/image_BS1_6834_03_34_33.jpg,15,28
252,../../..//Data/Scenario5/development_dataset/unit1/camera_data/image_BS1_8078_03_37_12.jpg,22,43
1475,../../..//Data/Scenario5/development_dataset/unit1/camera_data/image_BS1_4338_03_29_12.jpg,13,26
544,../../..//Data/Scenario5/development_dataset/unit1/camera_data/image_BS1_2516_03_25_20.jpg,3,6
308,../../..//Data/Scenario5/development_dataset/unit1/camera_data/image_BS1_1314_03_22_46.jpg,28,55
194,../../..//Data/Scenario5/development_dataset/unit1/camera_data/image_BS1_8628_03_38_24.jpg,26,51
647,../../..//Data/Scenario5/development_dataset/unit1/camera_data/image_BS1_2610_03_25_32.jpg,25,49
503,../../..//Data/Scenario5/development_dataset/unit1/camera_data/image_BS1_4358_03_29_15.jpg,23,45
34,../../..//Data/Scenario5/development_dataset/unit1/camera_data/image_BS1_4376_03_29_17.jpg,30,58
1178,../../..//Data/Scenario5/development_dataset/unit1/camera_data/image_BS1_1305_03_22_45.jpg,25,49
801,../../..//Data/Scenario5/development_dataset/unit1/camera_data/image_BS1_2608_03_25_32.jpg,25,49
1007,../../..//Data/Scenario5/development_dataset/unit1/camera_data/image_BS1_8621_03_38_23.jpg,23,45
58,../../..//Data/Scenario5/development_dataset/unit1/camera_data/image_BS1_1318_03_22_47.jpg,29,57
939,../../..//Data/Scenario5/development_dataset/unit1/camera_data/image_BS1_5923_03_32_36.jpg,15,29
1170,../../..//Data/Scenario5/development_dataset/unit1/camera_data/image_BS1_2863_03_26_04.jpg,12,23
